TABLE NO.  1
 ID                    TIME                  DV                    IPRED                 MDV                   OCC                   DV                    PRED                  RES                   WRES
   1.0000000000000E+00   0.0000000000000E+00   0.0000000000000E+00   0.0000000000000E+00   1.0000000000000E+00   1.0000000000000E+00   0.0000000000000E+00   0.0000000000000E+00   0.0000000000000E+00   0.0000000000000E+00
   1.0000000000000E+00   1.0000000000000E+00   2.4444900000000E-01   2.4356864191418E-01   0.0000000000000E+00   1.0000000000000E+00   2.4444900000000E-01   2.8663959122029E-01  -4.2190591220295E-02  -2.7725381213091E-01
   1.0000000000000E+00   3.0000000000000E+00   1.5600370000000E+00   1.5006343052775E+00   0.0000000000000E+00   1.0000000000000E+00   1.5600370000000E+00   1.7749232049351E+00  -2.1488620493510E-01   5.3375889134473E-01
   1.0000000000000E+00   5.0000000000000E+00   1.6946150000000E+00   1.4936479683405E+00   0.0000000000000E+00   1.0000000000000E+00   1.6946150000000E+00   1.9864255600780E+00  -2.9181056007798E-01   1.1217103294346E+00
   1.0000000000000E+00   6.0000000000000E+00   0.0000000000000E+00   1.3107616711323E+00   1.0000000000000E+00   1.0000000000000E+00   0.0000000000000E+00   1.8701484683558E+00   0.0000000000000E+00   0.0000000000000E+00
   1.0000000000000E+00   7.0000000000000E+00   1.2162230000000E+00   1.3495973237782E+00   0.0000000000000E+00   1.0000000000000E+00   1.2162230000000E+00   1.9871585679871E+00  -7.7093556798712E-01  -8.5894245026884E-01
   1.0000000000000E+00   8.5000000000000E+00   1.7085980000000E+00   1.8314609324828E+00   0.0000000000000E+00   2.0000000000000E+00   1.7085980000000E+00   2.9601209843087E+00  -1.2515229843087E+00  -1.2580049208728E+00
   1.0000000000000E+00   1.0000000000000E+01   1.7407780000000E+00   1.6418490811083E+00   0.0000000000000E+00   2.0000000000000E+00   1.7407780000000E+00   3.1366972622613E+00  -1.3959192622613E+00  -8.4745956403309E-01
   1.0000000000000E+00   1.1500000000000E+01   1.1171090000000E+00   1.2122257026572E+00   0.0000000000000E+00   2.0000000000000E+00   1.1171090000000E+00   2.8512649492655E+00  -1.7341559492655E+00  -1.6114820555599E+00
   1.0000000000000E+00   1.2000000000000E+01   0.0000000000000E+00   1.0719732152371E+00   1.0000000000000E+00   2.0000000000000E+00   0.0000000000000E+00   2.7139253888393E+00   0.0000000000000E+00   0.0000000000000E+00
   1.0000000000000E+00   1.3000000000000E+01   1.2796000000000E+00   1.2332715281043E+00   0.0000000000000E+00   2.0000000000000E+00   1.2796000000000E+00   2.7049987768664E+00  -1.4253987768664E+00  -2.7319412728116E-01
   1.0000000000000E+00   1.5000000000000E+01   1.8415050000000E+00   1.8949600573434E+00   0.0000000000000E+00   2.0000000000000E+00   1.8415050000000E+00   3.6139353044661E+00  -1.7724303044661E+00  -5.8989426261861E-01
   1.0000000000000E+00   1.7000000000000E+01   1.2858310000000E+00   1.3082264894985E+00   0.0000000000000E+00   2.0000000000000E+00   1.2858310000000E+00   3.3384333734948E+00  -2.0526023734948E+00  -1.0403551516719E+00
   1.0000000000000E+00   1.8000000000000E+01   0.0000000000000E+00   1.1725143220670E+00   1.0000000000000E+00   3.0000000000000E+00   0.0000000000000E+00   3.0203661062393E+00   0.0000000000000E+00   0.0000000000000E+00
   1.0000000000000E+00   1.9000000000000E+01   1.1304130000000E+00   1.1043002454251E+00   0.0000000000000E+00   3.0000000000000E+00   1.1304130000000E+00   2.9620612616977E+00  -1.8316482616977E+00  -8.4428947924870E-01
   1.0000000000000E+00   2.1000000000000E+01   1.9466310000000E+00   1.8740614810795E+00   0.0000000000000E+00   3.0000000000000E+00   1.9466310000000E+00   3.7942199746214E+00  -1.8475889746214E+00  -7.0724767550252E-01
   1.0000000000000E+00   2.4000000000000E+01   1.6127390000000E+00   1.6913149302305E+00   0.0000000000000E+00   3.0000000000000E+00   1.6127390000000E+00   3.1255900212178E+00  -1.5128510212178E+00  -5.7020354069296E-01
   1.0000000000000E+00   3.0000000000000E+01   5.1566600000000E-01   5.7499018511869E-01   0.0000000000000E+00   3.0000000000000E+00   5.1566600000000E-01   1.2907885617212E+00  -7.7512256172123E-01  -1.6687275748927E-01
   1.0000000000000E+00   3.6000000000000E+01   1.6547300000000E-01   1.5221093965087E-01   0.0000000000000E+00   3.0000000000000E+00   1.6547300000000E-01   4.5876288444184E-01  -2.9328988444184E-01   9.3121798590793E-01
   2.0000000000000E+00   0.0000000000000E+00   0.0000000000000E+00   0.0000000000000E+00   1.0000000000000E+00   1.0000000000000E+00   0.0000000000000E+00   0.0000000000000E+00   0.0000000000000E+00   0.0000000000000E+00
   2.0000000000000E+00   1.0000000000000E+00   1.2937360000000E+00   1.2123940699390E+00   0.0000000000000E+00   1.0000000000000E+00   1.2937360000000E+00   2.8663959122029E-01   1.0070964087797E+00   5.7734620652920E+00
   2.0000000000000E+00   3.0000000000000E+00   2.8006360000000E+00   2.7598244513926E+00   0.0000000000000E+00   1.0000000000000E+00   2.8006360000000E+00   1.7749232049351E+00   1.0257127950649E+00   6.0053618969508E-01
   2.0000000000000E+00   5.0000000000000E+00   2.4224040000000E+00   2.4436395468165E+00   0.0000000000000E+00   1.0000000000000E+00   2.4224040000000E+00   1.9864255600780E+00   4.3597843992202E-01  -1.8109278623657E-01
   2.0000000000000E+00   6.0000000000000E+00   0.0000000000000E+00   2.1724971558414E+00   1.0000000000000E+00   1.0000000000000E+00   0.0000000000000E+00   1.8701484683558E+00   0.0000000000000E+00   0.0000000000000E+00
   2.0000000000000E+00   7.0000000000000E+00   3.1384890000000E+00   3.1157140735437E+00   0.0000000000000E+00   1.0000000000000E+00   3.1384890000000E+00   1.9871585679871E+00   1.1513304320129E+00   1.7502518209643E+00
   2.0000000000000E+00   8.5000000000000E+00   3.8133760000000E+00   4.3238323315504E+00   0.0000000000000E+00   2.0000000000000E+00   3.8133760000000E+00   2.9601209843087E+00   8.5325501569129E-01  -9.0848341069300E-01
   2.0000000000000E+00   1.0000000000000E+01   3.9327620000000E+00   4.1007898911561E+00   0.0000000000000E+00   2.0000000000000E+00   3.9327620000000E+00   3.1366972622613E+00   7.9606473773874E-01   1.9267040122388E-02
   2.0000000000000E+00   1.1500000000000E+01   3.7991870000000E+00   3.5475960557817E+00   0.0000000000000E+00   2.0000000000000E+00   3.7991870000000E+00   2.8512649492655E+00   9.4792205073449E-01   1.3974833544613E+00
   2.0000000000000E+00   1.2000000000000E+01   0.0000000000000E+00   3.3521587224248E+00   1.0000000000000E+00   2.0000000000000E+00   0.0000000000000E+00   2.7139253888393E+00   0.0000000000000E+00   0.0000000000000E+00
   2.0000000000000E+00   1.3000000000000E+01   3.3415880000000E+00   3.0157425145561E+00   0.0000000000000E+00   2.0000000000000E+00   3.3415880000000E+00   2.7049987768664E+00   6.3658922313363E-01   1.3454672660002E+00
   2.0000000000000E+00   1.5000000000000E+01   3.2389620000000E+00   3.3960539204400E+00   0.0000000000000E+00   2.0000000000000E+00   3.2389620000000E+00   3.6139353044661E+00  -3.7497330446614E-01  -1.3658336285000E+00
   2.0000000000000E+00   1.7000000000000E+01   3.6698410000000E+00   3.5973704367132E+00   0.0000000000000E+00   2.0000000000000E+00   3.6698410000000E+00   3.3384333734948E+00   3.3140762650519E-01  -2.2150314873087E-01
   2.0000000000000E+00   1.8000000000000E+01   0.0000000000000E+00   3.5899749164391E+00   1.0000000000000E+00   3.0000000000000E+00   0.0000000000000E+00   3.0203661062393E+00   0.0000000000000E+00   0.0000000000000E+00
   2.0000000000000E+00   1.9000000000000E+01   3.2904220000000E+00   3.6585918560011E+00   0.0000000000000E+00   3.0000000000000E+00   3.2904220000000E+00   2.9620612616977E+00   3.2836073830229E-01  -1.2125703066279E+00
   2.0000000000000E+00   2.1000000000000E+01   4.4080510000000E+00   4.8652896856443E+00   0.0000000000000E+00   3.0000000000000E+00   4.4080510000000E+00   3.7942199746214E+00   6.1383102537864E-01  -5.5335497301655E-01
   2.0000000000000E+00   2.4000000000000E+01   5.7705200000000E+00   4.9365569453291E+00   0.0000000000000E+00   3.0000000000000E+00   5.7705200000000E+00   3.1255900212178E+00   2.6449299787822E+00   3.1622414486407E+00
   2.0000000000000E+00   3.0000000000000E+01   3.4643780000000E+00   3.1484544993219E+00   0.0000000000000E+00   3.0000000000000E+00   3.4643780000000E+00   1.2907885617212E+00   2.1735894382788E+00   2.1577132084544E+00
   2.0000000000000E+00   3.6000000000000E+01   1.6373630000000E+00   1.7275178722570E+00   0.0000000000000E+00   3.0000000000000E+00   1.6373630000000E+00   4.5876288444184E-01   1.1786001155582E+00   1.7552751970782E-01
   3.0000000000000E+00   0.0000000000000E+00   0.0000000000000E+00   0.0000000000000E+00   1.0000000000000E+00   1.0000000000000E+00   0.0000000000000E+00   0.0000000000000E+00   0.0000000000000E+00   0.0000000000000E+00
   3.0000000000000E+00   1.0000000000000E+00   9.2686100000000E-01   9.1181304681905E-01   0.0000000000000E+00   1.0000000000000E+00   9.2686100000000E-01   2.8663959122029E-01   6.4022140877971E-01   2.8709942840553E+00
   3.0000000000000E+00   3.0000000000000E+00   2.7663850000000E+00   2.6565510265445E+00   0.0000000000000E+00   1.0000000000000E+00   2.7663850000000E+00   1.7749232049351E+00   9.9146179506490E-01   1.2020035103686E+00
   3.0000000000000E+00   5.0000000000000E+00   2.0016970000000E+00   2.2421581736499E+00   0.0000000000000E+00   1.0000000000000E+00   2.0016970000000E+00   1.9864255600780E+00   1.5271439922018E-02  -1.7711763016906E+00
   3.0000000000000E+00   6.0000000000000E+00   0.0000000000000E+00   1.8923940418664E+00   1.0000000000000E+00   1.0000000000000E+00   0.0000000000000E+00   1.8701484683558E+00   0.0000000000000E+00   0.0000000000000E+00
   3.0000000000000E+00   7.0000000000000E+00   2.5374990000000E+00   2.4693549147811E+00   0.0000000000000E+00   1.0000000000000E+00   2.5374990000000E+00   1.9871585679871E+00   5.5034043201288E-01   6.0553523809496E-01
   3.0000000000000E+00   8.5000000000000E+00   4.1705210000000E+00   3.9421973267299E+00   0.0000000000000E+00   2.0000000000000E+00   4.1705210000000E+00   2.9601209843087E+00   1.2104000156913E+00   1.4216180583190E+00
   3.0000000000000E+00   1.0000000000000E+01   3.3475630000000E+00   3.8195075493999E+00   0.0000000000000E+00   2.0000000000000E+00   3.3475630000000E+00   3.1366972622613E+00   2.1086573773874E-01  -1.3341617081254E+00
   3.0000000000000E+00   1.1500000000000E+01   3.5009440000000E+00   3.2162171883186E+00   0.0000000000000E+00   2.0000000000000E+00   3.5009440000000E+00   2.8512649492655E+00   6.4967905073449E-01   9.1542194260321E-01
   3.0000000000000E+00   1.2000000000000E+01   0.0000000000000E+00   2.9941674715605E+00   1.0000000000000E+00   2.0000000000000E+00   0.0000000000000E+00   2.7139253888393E+00   0.0000000000000E+00   0.0000000000000E+00
   3.0000000000000E+00   1.3000000000000E+01   3.0708140000000E+00   3.0378852667879E+00   0.0000000000000E+00   2.0000000000000E+00   3.0708140000000E+00   2.7049987768664E+00   3.6581522313363E-01  -4.1703552948338E-02
   3.0000000000000E+00   1.5000000000000E+01   4.5945470000000E+00   4.2664713649438E+00   0.0000000000000E+00   2.0000000000000E+00   4.5945470000000E+00   3.6139353044661E+00   9.8061169553386E-01   1.3603834381635E+00
   3.0000000000000E+00   1.7000000000000E+01   3.4566280000000E+00   3.8433716181375E+00   0.0000000000000E+00   2.0000000000000E+00   3.4566280000000E+00   3.3384333734948E+00   1.1819462650519E-01  -9.2340399915686E-01
   3.0000000000000E+00   1.8000000000000E+01   0.0000000000000E+00   3.3843662507556E+00   1.0000000000000E+00   3.0000000000000E+00   0.0000000000000E+00   3.0203661062393E+00   0.0000000000000E+00   0.0000000000000E+00
   3.0000000000000E+00   1.9000000000000E+01   3.7074940000000E+00   3.4664899793503E+00   0.0000000000000E+00   3.0000000000000E+00   3.7074940000000E+00   2.9620612616977E+00   7.4543273830229E-01   1.0464236073927E+00
   3.0000000000000E+00   2.1000000000000E+01   4.5588000000000E+00   4.5943962583596E+00   0.0000000000000E+00   3.0000000000000E+00   4.5588000000000E+00   3.7942199746214E+00   7.6458002537864E-01   4.7335307557268E-01
   3.0000000000000E+00   2.4000000000000E+01   3.4847700000000E+00   3.4901079602539E+00   0.0000000000000E+00   3.0000000000000E+00   3.4847700000000E+00   3.1255900212178E+00   3.5917997878216E-01   1.0028876668478E-01
   3.0000000000000E+00   3.0000000000000E+01   1.4201200000000E+00   1.2293431528128E+00   0.0000000000000E+00   3.0000000000000E+00   1.4201200000000E+00   1.2907885617212E+00   1.2933143827877E-01   6.2634656360916E-01
   3.0000000000000E+00   3.6000000000000E+01   3.3646000000000E-01   3.7654973727940E-01   0.0000000000000E+00   3.0000000000000E+00   3.3646000000000E-01   4.5876288444184E-01  -1.2230288444184E-01  -1.8907812917116E+00
   4.0000000000000E+00   0.0000000000000E+00   0.0000000000000E+00   0.0000000000000E+00   1.0000000000000E+00   1.0000000000000E+00   0.0000000000000E+00   0.0000000000000E+00   0.0000000000000E+00   0.0000000000000E+00
   4.0000000000000E+00   1.0000000000000E+00   8.6875100000000E-01   8.5091634990683E-01   0.0000000000000E+00   1.0000000000000E+00   8.6875100000000E-01   2.8663959122029E-01   5.8211140877971E-01   3.1682201858441E+00
   4.0000000000000E+00   3.0000000000000E+00   2.2250950000000E+00   2.3524305501758E+00   0.0000000000000E+00   1.0000000000000E+00   2.2250950000000E+00   1.7749232049351E+00   4.5017179506490E-01  -3.5250163096279E-01
   4.0000000000000E+00   5.0000000000000E+00   2.2719580000000E+00   2.2733470953354E+00   0.0000000000000E+00   1.0000000000000E+00   2.2719580000000E+00   1.9864255600780E+00   2.8553243992202E-01  -4.6344382296509E-02
   4.0000000000000E+00   6.0000000000000E+00   0.0000000000000E+00   2.0960631828819E+00   1.0000000000000E+00   1.0000000000000E+00   0.0000000000000E+00   1.8701484683558E+00   0.0000000000000E+00   0.0000000000000E+00
   4.0000000000000E+00   7.0000000000000E+00   3.1181970000000E+00   2.7512684364152E+00   0.0000000000000E+00   1.0000000000000E+00   3.1181970000000E+00   1.9871585679871E+00   1.1310384320129E+00   2.9863090412231E+00
   4.0000000000000E+00   8.5000000000000E+00   3.5196230000000E+00   3.6788787977215E+00   0.0000000000000E+00   2.0000000000000E+00   3.5196230000000E+00   2.9601209843087E+00   5.5950201569129E-01  -1.6035291784208E-01
   4.0000000000000E+00   1.0000000000000E+01   3.2792690000000E+00   3.4506994299301E+00   0.0000000000000E+00   2.0000000000000E+00   3.2792690000000E+00   3.1366972622613E+00   1.4257173773874E-01  -6.4388729131532E-01
   4.0000000000000E+00   1.1500000000000E+01   2.9197600000000E+00   2.9309884040907E+00   0.0000000000000E+00   2.0000000000000E+00   2.9197600000000E+00   2.8512649492655E+00   6.8495050734486E-02  -3.4015774048560E-01
   4.0000000000000E+00   1.2000000000000E+01   0.0000000000000E+00   2.7489203459714E+00   1.0000000000000E+00   2.0000000000000E+00   0.0000000000000E+00   2.7139253888393E+00   0.0000000000000E+00   0.0000000000000E+00
   4.0000000000000E+00   1.3000000000000E+01   2.8720110000000E+00   2.8100699585313E+00   0.0000000000000E+00   2.0000000000000E+00   2.8720110000000E+00   2.7049987768664E+00   1.6701222313363E-01   9.6748510823773E-02
   4.0000000000000E+00   1.5000000000000E+01   3.9365870000000E+00   3.6790550195650E+00   0.0000000000000E+00   2.0000000000000E+00   3.9365870000000E+00   3.6139353044661E+00   3.2265169553386E-01   7.5422046944297E-01
   4.0000000000000E+00   1.7000000000000E+01   3.1444000000000E+00   3.3258406579232E+00   0.0000000000000E+00   2.0000000000000E+00   3.1444000000000E+00   3.3384333734948E+00  -1.9403337349481E-01  -7.3262425383702E-01
   4.0000000000000E+00   1.8000000000000E+01   0.0000000000000E+00   3.1395545823206E+00   1.0000000000000E+00   3.0000000000000E+00   0.0000000000000E+00   3.0203661062393E+00   0.0000000000000E+00   0.0000000000000E+00
   4.0000000000000E+00   1.9000000000000E+01   3.0940420000000E+00   3.0397826347869E+00   0.0000000000000E+00   3.0000000000000E+00   3.0940420000000E+00   2.9620612616977E+00   1.3198073830229E-01   1.1101755326897E-01
   4.0000000000000E+00   2.1000000000000E+01   3.3753540000000E+00   3.8422869941238E+00   0.0000000000000E+00   3.0000000000000E+00   3.3753540000000E+00   3.7942199746214E+00  -4.1886597462136E-01  -1.4072252850973E+00
   4.0000000000000E+00   2.4000000000000E+01   4.3370190000000E+00   3.7998222376055E+00   0.0000000000000E+00   3.0000000000000E+00   4.3370190000000E+00   3.1255900212178E+00   1.2114289787822E+00   1.7296412688099E+00
   4.0000000000000E+00   3.0000000000000E+01   2.2512230000000E+00   2.3480023377561E+00   0.0000000000000E+00   3.0000000000000E+00   2.2512230000000E+00   1.2907885617212E+00   9.6043443827877E-01  -2.8121504118279E-01
   4.0000000000000E+00   3.6000000000000E+01   1.3101150000000E+00   1.2614519754648E+00   0.0000000000000E+00   3.0000000000000E+00   1.3101150000000E+00   4.5876288444184E-01   8.5135211555816E-01   2.6752685199837E+00
   5.0000000000000E+00   0.0000000000000E+00   0.0000000000000E+00   0.0000000000000E+00   1.0000000000000E+00   1.0000000000000E+00   0.0000000000000E+00   0.0000000000000E+00   0.0000000000000E+00   0.0000000000000E+00
   5.0000000000000E+00   1.0000000000000E+00   4.0172000000000E-02   4.2116144021584E-02   0.0000000000000E+00   1.0000000000000E+00   4.0172000000000E-02   2.8663959122029E-01  -2.4646759122029E-01  -4.4854837695812E-01
   5.0000000000000E+00   3.0000000000000E+00   1.1130170000000E+00   1.0632372077959E+00   0.0000000000000E+00   1.0000000000000E+00   1.1130170000000E+00   1.7749232049351E+00  -6.6190620493510E-01  -1.4204381526045E+00
   5.0000000000000E+00   5.0000000000000E+00   1.6839920000000E+00   1.6578505786697E+00   0.0000000000000E+00   1.0000000000000E+00   1.6839920000000E+00   1.9864255600780E+00  -3.0243356007798E-01  -1.8021892460350E-01
   5.0000000000000E+00   6.0000000000000E+00   0.0000000000000E+00   1.7116565988769E+00   1.0000000000000E+00   1.0000000000000E+00   0.0000000000000E+00   1.8701484683558E+00   0.0000000000000E+00   0.0000000000000E+00
   5.0000000000000E+00   7.0000000000000E+00   1.5352750000000E+00   1.7108286291789E+00   0.0000000000000E+00   1.0000000000000E+00   1.5352750000000E+00   1.9871585679871E+00  -4.5188356798712E-01  -5.3570300601567E-01
   5.0000000000000E+00   8.5000000000000E+00   2.7242270000000E+00   2.2221867845545E+00   0.0000000000000E+00   2.0000000000000E+00   2.7242270000000E+00   2.9601209843087E+00  -2.3589398430871E-01   8.5948071266656E-01
   5.0000000000000E+00   1.0000000000000E+01   2.6727410000000E+00   2.5996794247430E+00   0.0000000000000E+00   2.0000000000000E+00   2.6727410000000E+00   3.1366972622613E+00  -4.6395626226126E-01  -3.6542754642178E-01
   5.0000000000000E+00   1.1500000000000E+01   2.1997100000000E+00   2.5665325551009E+00   0.0000000000000E+00   2.0000000000000E+00   2.1997100000000E+00   2.8512649492655E+00  -6.5155494926551E-01  -1.5239168466816E+00
   5.0000000000000E+00   1.2000000000000E+01   0.0000000000000E+00   2.4950460361862E+00   1.0000000000000E+00   2.0000000000000E+00   0.0000000000000E+00   2.7139253888393E+00   0.0000000000000E+00   0.0000000000000E+00
   5.0000000000000E+00   1.3000000000000E+01   2.6699520000000E+00   2.5491602031502E+00   0.0000000000000E+00   2.0000000000000E+00   2.6699520000000E+00   2.7049987768664E+00  -3.5046776866367E-02   3.6433830162830E-01
   5.0000000000000E+00   1.5000000000000E+01   3.3954130000000E+00   3.5974469995504E+00   0.0000000000000E+00   2.0000000000000E+00   3.3954130000000E+00   3.6139353044661E+00  -2.1852230446614E-01  -2.7024253958548E-01
   5.0000000000000E+00   1.7000000000000E+01   3.3536160000000E+00   3.3141436646215E+00   0.0000000000000E+00   2.0000000000000E+00   3.3536160000000E+00   3.3384333734948E+00   1.5182626505194E-02   5.3352050262479E-01
   5.0000000000000E+00   1.8000000000000E+01   0.0000000000000E+00   2.9114277613033E+00   1.0000000000000E+00   3.0000000000000E+00   0.0000000000000E+00   3.0203661062393E+00   0.0000000000000E+00   0.0000000000000E+00
   5.0000000000000E+00   1.9000000000000E+01   2.8841850000000E+00   2.8306004572070E+00   0.0000000000000E+00   3.0000000000000E+00   2.8841850000000E+00   2.9620612616977E+00  -7.7876261697710E-02   2.8798572789021E-01
   5.0000000000000E+00   2.1000000000000E+01   3.5139320000000E+00   3.6362260215283E+00   0.0000000000000E+00   3.0000000000000E+00   3.5139320000000E+00   3.7942199746214E+00  -2.8028797462136E-01  -1.5582995976355E-01
   5.0000000000000E+00   2.4000000000000E+01   2.8310750000000E+00   2.6677515020520E+00   0.0000000000000E+00   3.0000000000000E+00   2.8310750000000E+00   3.1255900212178E+00  -2.9451502121784E-01   3.3555527553264E-01
   5.0000000000000E+00   3.0000000000000E+01   7.4249300000000E-01   8.1003242330979E-01   0.0000000000000E+00   3.0000000000000E+00   7.4249300000000E-01   1.2907885617212E+00  -5.4829556172123E-01  -1.1350583630372E+00
   5.0000000000000E+00   3.6000000000000E+01   2.1703600000000E-01   2.0816197335094E-01   0.0000000000000E+00   3.0000000000000E+00   2.1703600000000E-01   4.5876288444184E-01  -2.4172688444184E-01  -2.0732095227031E-01
   6.0000000000000E+00   0.0000000000000E+00   0.0000000000000E+00   0.0000000000000E+00   1.0000000000000E+00   1.0000000000000E+00   0.0000000000000E+00   0.0000000000000E+00   0.0000000000000E+00   0.0000000000000E+00
   6.0000000000000E+00   1.0000000000000E+00   3.5243000000000E-01   3.5079976909120E-01   0.0000000000000E+00   1.0000000000000E+00   3.5243000000000E-01   2.8663959122029E-01   6.5790408779705E-02  -5.3499799917886E-01
   6.0000000000000E+00   3.0000000000000E+00   2.1579220000000E+00   2.4446122743228E+00   0.0000000000000E+00   1.0000000000000E+00   2.1579220000000E+00   1.7749232049351E+00   3.8299879506490E-01  -7.9798256423679E-01
   6.0000000000000E+00   5.0000000000000E+00   3.1951770000000E+00   2.6767335469364E+00   0.0000000000000E+00   1.0000000000000E+00   3.1951770000000E+00   1.9864255600780E+00   1.2087514399220E+00   3.9190843882763E+00
   6.0000000000000E+00   6.0000000000000E+00   0.0000000000000E+00   2.4632139221688E+00   1.0000000000000E+00   1.0000000000000E+00   0.0000000000000E+00   1.8701484683558E+00   0.0000000000000E+00   0.0000000000000E+00
   6.0000000000000E+00   7.0000000000000E+00   2.2297440000000E+00   2.5308238007807E+00   0.0000000000000E+00   1.0000000000000E+00   2.2297440000000E+00   1.9871585679871E+00   2.4258543201288E-01  -9.6171638878299E-01
   6.0000000000000E+00   8.5000000000000E+00   4.1487610000000E+00   3.5346044737776E+00   0.0000000000000E+00   2.0000000000000E+00   4.1487610000000E+00   2.9601209843087E+00   1.1886400156913E+00   2.3936526853416E+00
   6.0000000000000E+00   1.0000000000000E+01   3.1984800000000E+00   3.4790961504859E+00   0.0000000000000E+00   2.0000000000000E+00   3.1984800000000E+00   3.1366972622613E+00   6.1782737738739E-02  -9.1018706622526E-01
   6.0000000000000E+00   1.1500000000000E+01   2.5559110000000E+00   2.8667281927974E+00   0.0000000000000E+00   2.0000000000000E+00   2.5559110000000E+00   2.8512649492655E+00  -2.9535394926551E-01  -1.4604993017999E+00
   6.0000000000000E+00   1.2000000000000E+01   0.0000000000000E+00   2.6318373389114E+00   1.0000000000000E+00   2.0000000000000E+00   0.0000000000000E+00   2.7139253888393E+00   0.0000000000000E+00   0.0000000000000E+00
   6.0000000000000E+00   1.3000000000000E+01   2.6223590000000E+00   2.6838594082677E+00   0.0000000000000E+00   2.0000000000000E+00   2.6223590000000E+00   2.7049987768664E+00  -8.2639776866367E-02  -4.9126045662085E-01
   6.0000000000000E+00   1.5000000000000E+01   4.1061110000000E+00   3.8864940632070E+00   0.0000000000000E+00   2.0000000000000E+00   4.1061110000000E+00   3.6139353044661E+00   4.9217569553386E-01   8.9510490520993E-01
   6.0000000000000E+00   1.7000000000000E+01   3.3232000000000E+00   3.1598332259934E+00   0.0000000000000E+00   2.0000000000000E+00   3.3232000000000E+00   3.3384333734948E+00  -1.5233373494806E-02   1.4696827800789E-01
   6.0000000000000E+00   1.8000000000000E+01   0.0000000000000E+00   2.7486642890286E+00   1.0000000000000E+00   3.0000000000000E+00   0.0000000000000E+00   3.0203661062393E+00   0.0000000000000E+00   0.0000000000000E+00
   6.0000000000000E+00   1.9000000000000E+01   2.6381470000000E+00   2.6924146236496E+00   0.0000000000000E+00   3.0000000000000E+00   2.6381470000000E+00   2.9620612616977E+00  -3.2391426169771E-01  -6.2784254213156E-01
   6.0000000000000E+00   2.1000000000000E+01   3.8032090000000E+00   3.9622096510124E+00   0.0000000000000E+00   3.0000000000000E+00   3.8032090000000E+00   3.7942199746214E+00   8.9890253786433E-03  -1.4552649432215E-01
   6.0000000000000E+00   2.4000000000000E+01   3.4078330000000E+00   3.0383909063168E+00   0.0000000000000E+00   3.0000000000000E+00   3.4078330000000E+00   3.1255900212178E+00   2.8224297878216E-01   1.0641996452410E+00
   6.0000000000000E+00   3.0000000000000E+01   9.0525600000000E-01   9.0047204567878E-01   0.0000000000000E+00   3.0000000000000E+00   9.0525600000000E-01   1.2907885617212E+00  -3.8553256172123E-01  -8.3910376088021E-01
   6.0000000000000E+00   3.6000000000000E+01   2.1260700000000E-01   2.1615497570614E-01   0.0000000000000E+00   3.0000000000000E+00   2.1260700000000E-01   4.5876288444184E-01  -2.4615588444184E-01  -2.7480473168518E-01
   7.0000000000000E+00   0.0000000000000E+00   0.0000000000000E+00   0.0000000000000E+00   1.0000000000000E+00   1.0000000000000E+00   0.0000000000000E+00   0.0000000000000E+00   0.0000000000000E+00   0.0000000000000E+00
   7.0000000000000E+00   1.0000000000000E+00   1.4400300000000E-01   1.3818945699932E-01   0.0000000000000E+00   1.0000000000000E+00   1.4400300000000E-01   2.8663959122029E-01  -1.4263659122029E-01   1.2329003058305E+00
   7.0000000000000E+00   3.0000000000000E+00   1.4356520000000E+00   1.5699250457631E+00   0.0000000000000E+00   1.0000000000000E+00   1.4356520000000E+00   1.7749232049351E+00  -3.3927120493510E-01  -4.6253498042634E-01
   7.0000000000000E+00   5.0000000000000E+00   2.1472020000000E+00   2.0954973783481E+00   0.0000000000000E+00   1.0000000000000E+00   2.1472020000000E+00   1.9864255600780E+00   1.6077643992202E-01   2.0926492287389E-01
   7.0000000000000E+00   6.0000000000000E+00   0.0000000000000E+00   2.0928915269366E+00   1.0000000000000E+00   1.0000000000000E+00   0.0000000000000E+00   1.8701484683558E+00   0.0000000000000E+00   0.0000000000000E+00
   7.0000000000000E+00   7.0000000000000E+00   2.1692530000000E+00   2.1393313850533E+00   0.0000000000000E+00   1.0000000000000E+00   2.1692530000000E+00   1.9871585679871E+00   1.8209443201288E-01   7.8112326456150E-02
   7.0000000000000E+00   8.5000000000000E+00   2.9085900000000E+00   3.2067739995821E+00   0.0000000000000E+00   2.0000000000000E+00   2.9085900000000E+00   2.9601209843087E+00  -5.1530984308714E-02  -1.1373512659306E+00
   7.0000000000000E+00   1.0000000000000E+01   3.6500420000000E+00   3.8055895850837E+00   0.0000000000000E+00   2.0000000000000E+00   3.6500420000000E+00   3.1366972622613E+00   5.1334473773874E-01  -6.3647366633610E-01
   7.0000000000000E+00   1.1500000000000E+01   4.4503180000000E+00   3.8711990084224E+00   0.0000000000000E+00   2.0000000000000E+00   4.4503180000000E+00   2.8512649492655E+00   1.5990530507345E+00   1.9849571728957E+00
   7.0000000000000E+00   1.2000000000000E+01   0.0000000000000E+00   3.8203165538115E+00   1.0000000000000E+00   2.0000000000000E+00   0.0000000000000E+00   2.7139253888393E+00   0.0000000000000E+00   0.0000000000000E+00
   7.0000000000000E+00   1.3000000000000E+01   3.5937280000000E+00   3.8455433798824E+00   0.0000000000000E+00   2.0000000000000E+00   3.5937280000000E+00   2.7049987768664E+00   8.8872922313363E-01  -7.8902877174651E-01
   7.0000000000000E+00   1.5000000000000E+01   4.8194280000000E+00   4.9965348362078E+00   0.0000000000000E+00   2.0000000000000E+00   4.8194280000000E+00   3.6139353044661E+00   1.2054926955339E+00   4.7935324034926E-02
   7.0000000000000E+00   1.7000000000000E+01   5.3201930000000E+00   5.0753762367226E+00   0.0000000000000E+00   2.0000000000000E+00   5.3201930000000E+00   3.3384333734948E+00   1.9817596265052E+00   1.3821827663848E+00
   7.0000000000000E+00   1.8000000000000E+01   0.0000000000000E+00   4.7294288396256E+00   1.0000000000000E+00   3.0000000000000E+00   0.0000000000000E+00   3.0203661062393E+00   0.0000000000000E+00   0.0000000000000E+00
   7.0000000000000E+00   1.9000000000000E+01   5.3935570000000E+00   4.9989211697473E+00   0.0000000000000E+00   3.0000000000000E+00   5.3935570000000E+00   2.9620612616977E+00   2.4314957383023E+00   2.1814611474112E+00
   7.0000000000000E+00   2.1000000000000E+01   6.2516230000000E+00   5.9999687695701E+00   0.0000000000000E+00   3.0000000000000E+00   6.2516230000000E+00   3.7942199746214E+00   2.4574030253786E+00   1.5081045220138E+00
   7.0000000000000E+00   2.4000000000000E+01   4.8160340000000E+00   4.7724946441320E+00   0.0000000000000E+00   3.0000000000000E+00   4.8160340000000E+00   3.1255900212178E+00   1.6904439787822E+00   3.3492402076867E-01
   7.0000000000000E+00   3.0000000000000E+01   2.4308420000000E+00   2.1840884231455E+00   0.0000000000000E+00   3.0000000000000E+00   2.4308420000000E+00   1.2907885617212E+00   1.1400534382788E+00   1.1713611371448E+00
   7.0000000000000E+00   3.6000000000000E+01   8.4376500000000E-01   9.2194095456909E-01   0.0000000000000E+00   3.0000000000000E+00   8.4376500000000E-01   4.5876288444184E-01   3.8500211555816E-01  -1.8120643953496E+00
   8.0000000000000E+00   0.0000000000000E+00   0.0000000000000E+00   0.0000000000000E+00   1.0000000000000E+00   1.0000000000000E+00   0.0000000000000E+00   0.0000000000000E+00   0.0000000000000E+00   0.0000000000000E+00
   8.0000000000000E+00   1.0000000000000E+00   4.9157900000000E-01   4.6238155307718E-01   0.0000000000000E+00   1.0000000000000E+00   4.9157900000000E-01   2.8663959122029E-01   2.0493940877971E-01   1.9252269372465E+00
   8.0000000000000E+00   3.0000000000000E+00   1.7259990000000E+00   1.8642278922967E+00   0.0000000000000E+00   1.0000000000000E+00   1.7259990000000E+00   1.7749232049351E+00  -4.8924204935100E-02  -4.7975228753950E-01
   8.0000000000000E+00   5.0000000000000E+00   2.1727150000000E+00   1.8128656848748E+00   0.0000000000000E+00   1.0000000000000E+00   2.1727150000000E+00   1.9864255600780E+00   1.8628943992202E-01   1.7236051215337E+00
   8.0000000000000E+00   6.0000000000000E+00   0.0000000000000E+00   1.6229094297140E+00   1.0000000000000E+00   1.0000000000000E+00   0.0000000000000E+00   1.8701484683558E+00   0.0000000000000E+00   0.0000000000000E+00
   8.0000000000000E+00   7.0000000000000E+00   1.5413290000000E+00   1.8742548140124E+00   0.0000000000000E+00   1.0000000000000E+00   1.5413290000000E+00   1.9871585679871E+00  -4.4582956798712E-01  -1.4090220772088E+00
   8.0000000000000E+00   8.5000000000000E+00   2.6238430000000E+00   2.7874819512285E+00   0.0000000000000E+00   2.0000000000000E+00   2.6238430000000E+00   2.9601209843087E+00  -3.3627798430871E-01  -4.8716581536123E-01
   8.0000000000000E+00   1.0000000000000E+01   2.7176810000000E+00   2.7200343537037E+00   0.0000000000000E+00   2.0000000000000E+00   2.7176810000000E+00   3.1366972622613E+00  -4.1901626226126E-01  -3.4875183098153E-01
   8.0000000000000E+00   1.1500000000000E+01   2.3755810000000E+00   2.2912621136620E+00   0.0000000000000E+00   2.0000000000000E+00   2.3755810000000E+00   2.8512649492655E+00  -4.7568394926551E-01  -2.5089499119446E-01
   8.0000000000000E+00   1.2000000000000E+01   0.0000000000000E+00   2.1296302336966E+00   1.0000000000000E+00   2.0000000000000E+00   0.0000000000000E+00   2.7139253888393E+00   0.0000000000000E+00   0.0000000000000E+00
   8.0000000000000E+00   1.3000000000000E+01   2.4051520000000E+00   2.3530803609818E+00   0.0000000000000E+00   2.0000000000000E+00   2.4051520000000E+00   2.7049987768664E+00  -2.9984677686637E-01   2.8677983388481E-01
   8.0000000000000E+00   1.5000000000000E+01   3.3182490000000E+00   3.1756861235638E+00   0.0000000000000E+00   2.0000000000000E+00   3.3182490000000E+00   3.6139353044661E+00  -2.9568630446614E-01   2.4840558712955E-01
   8.0000000000000E+00   1.7000000000000E+01   2.5634490000000E+00   2.6296936168900E+00   0.0000000000000E+00   2.0000000000000E+00   2.5634490000000E+00   3.3384333734948E+00  -7.7498437349481E-01  -8.0078518727591E-01
   8.0000000000000E+00   1.8000000000000E+01   0.0000000000000E+00   2.3176884451506E+00   1.0000000000000E+00   3.0000000000000E+00   0.0000000000000E+00   3.0203661062393E+00   0.0000000000000E+00   0.0000000000000E+00
   8.0000000000000E+00   1.9000000000000E+01   2.3027540000000E+00   2.4191993856251E+00   0.0000000000000E+00   3.0000000000000E+00   2.3027540000000E+00   2.9620612616977E+00  -6.5930726169771E-01  -6.6859035486033E-01
   8.0000000000000E+00   2.1000000000000E+01   3.6872330000000E+00   3.2968959819834E+00   0.0000000000000E+00   3.0000000000000E+00   3.6872330000000E+00   3.7942199746214E+00  -1.0698697462136E-01   8.5544656963132E-01
   8.0000000000000E+00   2.4000000000000E+01   2.2952370000000E+00   2.5639223660582E+00   0.0000000000000E+00   3.0000000000000E+00   2.2952370000000E+00   3.1255900212178E+00  -8.3035302121784E-01  -1.0312801902600E+00
   8.0000000000000E+00   3.0000000000000E+01   8.1585600000000E-01   9.6081354667673E-01   0.0000000000000E+00   3.0000000000000E+00   8.1585600000000E-01   1.2907885617212E+00  -4.7493256172123E-01  -5.7953706371745E-01
   8.0000000000000E+00   3.6000000000000E+01   3.5007400000000E-01   3.1703962131030E-01   0.0000000000000E+00   3.0000000000000E+00   3.5007400000000E-01   4.5876288444184E-01  -1.0868888444184E-01   1.3121059849897E+00
   9.0000000000000E+00   0.0000000000000E+00   0.0000000000000E+00   0.0000000000000E+00   1.0000000000000E+00   1.0000000000000E+00   0.0000000000000E+00   0.0000000000000E+00   0.0000000000000E+00   0.0000000000000E+00
   9.0000000000000E+00   1.0000000000000E+00   1.6895300000000E-01   1.6422310795555E-01   0.0000000000000E+00   1.0000000000000E+00   1.6895300000000E-01   2.8663959122029E-01  -1.1768659122029E-01   1.6642451742729E-01
   9.0000000000000E+00   3.0000000000000E+00   1.4425330000000E+00   1.5613010441979E+00   0.0000000000000E+00   1.0000000000000E+00   1.4425330000000E+00   1.7749232049351E+00  -3.3239020493510E-01  -2.8367020854563E-01
   9.0000000000000E+00   5.0000000000000E+00   1.9978360000000E+00   1.7680681829640E+00   0.0000000000000E+00   1.0000000000000E+00   1.9978360000000E+00   1.9864255600780E+00   1.1410439922018E-02   1.5590721743417E+00
   9.0000000000000E+00   6.0000000000000E+00   0.0000000000000E+00   1.6217702893637E+00   1.0000000000000E+00   1.0000000000000E+00   0.0000000000000E+00   1.8701484683558E+00   0.0000000000000E+00   0.0000000000000E+00
   9.0000000000000E+00   7.0000000000000E+00   1.5275980000000E+00   1.5860521933888E+00   0.0000000000000E+00   1.0000000000000E+00   1.5275980000000E+00   1.9871585679871E+00  -4.5956056798712E-01  -4.0434583432655E-01
   9.0000000000000E+00   8.5000000000000E+00   2.0563590000000E+00   2.1679670721548E+00   0.0000000000000E+00   2.0000000000000E+00   2.0563590000000E+00   2.9601209843087E+00  -9.0376198430871E-01  -9.9344254161727E-01
   9.0000000000000E+00   1.0000000000000E+01   1.9673560000000E+00   2.1616376512536E+00   0.0000000000000E+00   2.0000000000000E+00   1.9673560000000E+00   3.1366972622613E+00  -1.1693412622613E+00  -1.4971465973980E+00
   9.0000000000000E+00   1.1500000000000E+01   1.8633750000000E+00   1.7650918557869E+00   0.0000000000000E+00   2.0000000000000E+00   1.8633750000000E+00   2.8512649492655E+00  -9.8788994926551E-01  -7.6080426060158E-01
   9.0000000000000E+00   1.2000000000000E+01   0.0000000000000E+00   1.6110307398811E+00   1.0000000000000E+00   2.0000000000000E+00   0.0000000000000E+00   2.7139253888393E+00   0.0000000000000E+00   0.0000000000000E+00
   9.0000000000000E+00   1.3000000000000E+01   1.3372880000000E+00   1.4108082274707E+00   0.0000000000000E+00   2.0000000000000E+00   1.3372880000000E+00   2.7049987768664E+00  -1.3677107768664E+00  -1.3443022612256E+00
   9.0000000000000E+00   1.5000000000000E+01   2.0553880000000E+00   2.0489933603982E+00   0.0000000000000E+00   2.0000000000000E+00   2.0553880000000E+00   3.6139353044661E+00  -1.5585473044661E+00  -9.0018951566189E-01
   9.0000000000000E+00   1.7000000000000E+01   1.8766440000000E+00   1.8821591572227E+00   0.0000000000000E+00   2.0000000000000E+00   1.8766440000000E+00   3.3384333734948E+00  -1.4617893734948E+00  -9.9000089131907E-01
   9.0000000000000E+00   1.8000000000000E+01   0.0000000000000E+00   1.9135665138426E+00   1.0000000000000E+00   3.0000000000000E+00   0.0000000000000E+00   3.0203661062393E+00   0.0000000000000E+00   0.0000000000000E+00
   9.0000000000000E+00   1.9000000000000E+01   2.4907620000000E+00   2.3337063238919E+00   0.0000000000000E+00   3.0000000000000E+00   2.4907620000000E+00   2.9620612616977E+00  -4.7129926169771E-01   4.5129077308969E-01
   9.0000000000000E+00   2.1000000000000E+01   3.4631470000000E+00   3.7728704214711E+00   0.0000000000000E+00   3.0000000000000E+00   3.4631470000000E+00   3.7942199746214E+00  -3.3107297462136E-01  -6.5135045043052E-02
   9.0000000000000E+00   2.4000000000000E+01   3.4474920000000E+00   2.9434535135948E+00   0.0000000000000E+00   3.0000000000000E+00   3.4474920000000E+00   3.1255900212178E+00   3.2190197878216E-01   1.9963885309551E+00
   9.0000000000000E+00   3.0000000000000E+01   9.9580800000000E-01   9.8924731581098E-01   0.0000000000000E+00   3.0000000000000E+00   9.9580800000000E-01   1.2907885617212E+00  -2.9498056172123E-01  -5.9650615518327E-01
   9.0000000000000E+00   3.6000000000000E+01   2.7535200000000E-01   2.8190479380150E-01   0.0000000000000E+00   3.0000000000000E+00   2.7535200000000E-01   4.5876288444184E-01  -1.8341088444184E-01  -9.5628829464146E-01
   1.0000000000000E+01   0.0000000000000E+00   0.0000000000000E+00   0.0000000000000E+00   1.0000000000000E+00   1.0000000000000E+00   0.0000000000000E+00   0.0000000000000E+00   0.0000000000000E+00   0.0000000000000E+00
   1.0000000000000E+01   1.0000000000000E+00   1.0997500000000E-01   1.0928291080910E-01   0.0000000000000E+00   1.0000000000000E+00   1.0997500000000E-01   2.8663959122029E-01  -1.7666459122029E-01  -1.3886340012636E-01
   1.0000000000000E+01   3.0000000000000E+00   1.2081930000000E+00   1.1852485922133E+00   0.0000000000000E+00   1.0000000000000E+00   1.2081930000000E+00   1.7749232049351E+00  -5.6673020493510E-01  -1.5698308784948E-01
   1.0000000000000E+01   5.0000000000000E+00   1.5171540000000E+00   1.5955312476984E+00   0.0000000000000E+00   1.0000000000000E+00   1.5171540000000E+00   1.9864255600780E+00  -4.6927156007798E-01  -7.1814262988571E-01
   1.0000000000000E+01   6.0000000000000E+00   0.0000000000000E+00   1.6078408343698E+00   1.0000000000000E+00   1.0000000000000E+00   0.0000000000000E+00   1.8701484683558E+00   0.0000000000000E+00   0.0000000000000E+00
   1.0000000000000E+01   7.0000000000000E+00   1.5675770000000E+00   1.6630644499417E+00   0.0000000000000E+00   1.0000000000000E+00   1.5675770000000E+00   1.9871585679871E+00  -4.1958156798712E-01  -8.5243957440584E-01
   1.0000000000000E+01   8.5000000000000E+00   2.5191900000000E+00   2.4616428362395E+00   0.0000000000000E+00   2.0000000000000E+00   2.5191900000000E+00   2.9601209843087E+00  -4.4093098430871E-01  -3.2489795245104E-01
   1.0000000000000E+01   1.0000000000000E+01   2.8984960000000E+00   2.9044786881565E+00   0.0000000000000E+00   2.0000000000000E+00   2.8984960000000E+00   3.1366972622613E+00  -2.3820126226126E-01  -4.6034688993067E-01
   1.0000000000000E+01   1.1500000000000E+01   3.4037180000000E+00   2.9605217095138E+00   0.0000000000000E+00   2.0000000000000E+00   3.4037180000000E+00   2.8512649492655E+00   5.5245305073449E-01   1.3347316701909E+00
   1.0000000000000E+01   1.2000000000000E+01   0.0000000000000E+00   2.9266055761175E+00   1.0000000000000E+00   2.0000000000000E+00   0.0000000000000E+00   2.7139253888393E+00   0.0000000000000E+00   0.0000000000000E+00
   1.0000000000000E+01   1.3000000000000E+01   2.7713390000000E+00   2.9911643638066E+00   0.0000000000000E+00   2.0000000000000E+00   2.7713390000000E+00   2.7049987768664E+00   6.6340223133633E-02  -9.0913198626162E-01
   1.0000000000000E+01   1.5000000000000E+01   3.9151500000000E+00   3.9059431559294E+00   0.0000000000000E+00   2.0000000000000E+00   3.9151500000000E+00   3.6139353044661E+00   3.0121469553386E-01   2.1272737911391E-01
   1.0000000000000E+01   1.7000000000000E+01   3.9205590000000E+00   3.9440598951175E+00   0.0000000000000E+00   2.0000000000000E+00   3.9205590000000E+00   3.3384333734948E+00   5.8212562650519E-01   3.6140306853423E-01
   1.0000000000000E+01   1.8000000000000E+01   0.0000000000000E+00   3.7099418756721E+00   1.0000000000000E+00   3.0000000000000E+00   0.0000000000000E+00   3.0203661062393E+00   0.0000000000000E+00   0.0000000000000E+00
   1.0000000000000E+01   1.9000000000000E+01   3.9629490000000E+00   3.5324794828817E+00   0.0000000000000E+00   3.0000000000000E+00   3.9629490000000E+00   2.9620612616977E+00   1.0008877383023E+00   1.7590526271151E+00
   1.0000000000000E+01   2.1000000000000E+01   3.9198980000000E+00   4.0198622570795E+00   0.0000000000000E+00   3.0000000000000E+00   3.9198980000000E+00   3.7942199746214E+00   1.2567802537864E-01  -4.0251720331912E-01
   1.0000000000000E+01   2.4000000000000E+01   3.1862450000000E+00   3.7260623792540E+00   0.0000000000000E+00   3.0000000000000E+00   3.1862450000000E+00   3.1255900212178E+00   6.0654978782163E-02  -1.5788366644093E+00
   1.0000000000000E+01   3.0000000000000E+01   2.2557770000000E+00   2.1328846196026E+00   0.0000000000000E+00   3.0000000000000E+00   2.2557770000000E+00   1.2907885617212E+00   9.6498843827877E-01   1.5083391731757E+00
   1.0000000000000E+01   3.6000000000000E+01   1.0751460000000E+00   1.0633933748793E+00   0.0000000000000E+00   3.0000000000000E+00   1.0751460000000E+00   4.5876288444184E-01   6.1638311555816E-01   1.5999468430033E+00
   1.1000000000000E+01   0.0000000000000E+00   0.0000000000000E+00   0.0000000000000E+00   1.0000000000000E+00   1.0000000000000E+00   0.0000000000000E+00   0.0000000000000E+00   0.0000000000000E+00   0.0000000000000E+00
   1.1000000000000E+01   1.0000000000000E+00   9.7882000000000E-02   9.8741768158924E-02   0.0000000000000E+00   1.0000000000000E+00   9.7882000000000E-02   2.8663959122029E-01  -1.8875759122029E-01   1.2310375822415E-01
   1.1000000000000E+01   3.0000000000000E+00   1.4721000000000E+00   1.3610774297370E+00   0.0000000000000E+00   1.0000000000000E+00   1.4721000000000E+00   1.7749232049351E+00  -3.0282320493510E-01  -3.0582892505777E-02
   1.1000000000000E+01   5.0000000000000E+00   1.7803390000000E+00   1.8744725191636E+00   0.0000000000000E+00   1.0000000000000E+00   1.7803390000000E+00   1.9864255600780E+00  -2.0608656007798E-01  -7.3640419450437E-01
   1.1000000000000E+01   6.0000000000000E+00   0.0000000000000E+00   1.8795318509971E+00   1.0000000000000E+00   1.0000000000000E+00   0.0000000000000E+00   1.8701484683558E+00   0.0000000000000E+00   0.0000000000000E+00
   1.1000000000000E+01   7.0000000000000E+00   1.9697010000000E+00   1.8962008754646E+00   0.0000000000000E+00   1.0000000000000E+00   1.9697010000000E+00   1.9871585679871E+00  -1.7457567987122E-02   4.8336397687163E-01
   1.1000000000000E+01   8.5000000000000E+00   2.3777230000000E+00   2.7874009552027E+00   0.0000000000000E+00   2.0000000000000E+00   2.3777230000000E+00   2.9601209843087E+00  -5.8239798430871E-01  -1.8546606880357E+00
   1.1000000000000E+01   1.0000000000000E+01   3.9471440000000E+00   3.3189953352335E+00   0.0000000000000E+00   2.0000000000000E+00   3.9471440000000E+00   3.1366972622613E+00   8.1044673773874E-01   1.8505067955500E+00
   1.1000000000000E+01   1.1500000000000E+01   2.8695580000000E+00   3.3595502470610E+00   0.0000000000000E+00   2.0000000000000E+00   2.8695580000000E+00   2.8512649492655E+00   1.8293050734486E-02  -1.7645930764481E+00
   1.1000000000000E+01   1.2000000000000E+01   0.0000000000000E+00   3.3044120608142E+00   1.0000000000000E+00   2.0000000000000E+00   0.0000000000000E+00   2.7139253888393E+00   0.0000000000000E+00   0.0000000000000E+00
   1.1000000000000E+01   1.3000000000000E+01   3.1531050000000E+00   3.4571948040253E+00   0.0000000000000E+00   2.0000000000000E+00   3.1531050000000E+00   2.7049987768664E+00   4.4810622313363E-01  -9.3103467505217E-01
   1.1000000000000E+01   1.5000000000000E+01   4.5844910000000E+00   4.6807231521507E+00   0.0000000000000E+00   2.0000000000000E+00   4.5844910000000E+00   3.6139353044661E+00   9.7055569553386E-01   3.3638676916283E-01
   1.1000000000000E+01   1.7000000000000E+01   5.4214430000000E+00   4.5114890085137E+00   0.0000000000000E+00   2.0000000000000E+00   5.4214430000000E+00   3.3384333734948E+00   2.0830096265052E+00   3.6633511602725E+00
   1.1000000000000E+01   1.8000000000000E+01   0.0000000000000E+00   4.0325220200405E+00   1.0000000000000E+00   3.0000000000000E+00   0.0000000000000E+00   3.0203661062393E+00   0.0000000000000E+00   0.0000000000000E+00
   1.1000000000000E+01   1.9000000000000E+01   3.5606510000000E+00   3.8527151054861E+00   0.0000000000000E+00   3.0000000000000E+00   3.5606510000000E+00   2.9620612616977E+00   5.9858973830229E-01  -5.5681601800820E-01
   1.1000000000000E+01   2.1000000000000E+01   4.9108330000000E+00   4.5489977497158E+00   0.0000000000000E+00   3.0000000000000E+00   4.9108330000000E+00   3.7942199746214E+00   1.1166130253786E+00   1.2511983286239E+00
   1.1000000000000E+01   2.4000000000000E+01   3.4223450000000E+00   3.6187957296124E+00   0.0000000000000E+00   3.0000000000000E+00   3.4223450000000E+00   3.1255900212178E+00   2.9675497878216E-01  -4.0300553129925E-01
   1.1000000000000E+01   3.0000000000000E+01   1.3932820000000E+00   1.4566725041842E+00   0.0000000000000E+00   3.0000000000000E+00   1.3932820000000E+00   1.2907885617212E+00   1.0249343827877E-01  -4.0066967012841E-01
   1.1000000000000E+01   3.6000000000000E+01   5.3319500000000E-01   5.0892207202212E-01   0.0000000000000E+00   3.0000000000000E+00   5.3319500000000E-01   4.5876288444184E-01   7.4432115558161E-02   2.2111785550817E-01
   1.2000000000000E+01   0.0000000000000E+00   0.0000000000000E+00   0.0000000000000E+00   1.0000000000000E+00   1.0000000000000E+00   0.0000000000000E+00   0.0000000000000E+00   0.0000000000000E+00   0.0000000000000E+00
   1.2000000000000E+01   1.0000000000000E+00   8.2051000000000E-02   8.2069918851385E-02   0.0000000000000E+00   1.0000000000000E+00   8.2051000000000E-02   2.8663959122029E-01  -2.0458859122029E-01   5.4155539823780E-02
   1.2000000000000E+01   3.0000000000000E+00   1.2142900000000E+00   1.1648611458523E+00   0.0000000000000E+00   1.0000000000000E+00   1.2142900000000E+00   1.7749232049351E+00  -5.6063320493510E-01  -4.0034784716839E-01
   1.2000000000000E+01   5.0000000000000E+00   1.7332790000000E+00   1.6232578529679E+00   0.0000000000000E+00   1.0000000000000E+00   1.7332790000000E+00   1.9864255600780E+00  -2.5314656007798E-01   3.9494602525960E-01
   1.2000000000000E+01   6.0000000000000E+00   0.0000000000000E+00   1.6356386394603E+00   1.0000000000000E+00   1.0000000000000E+00   0.0000000000000E+00   1.8701484683558E+00   0.0000000000000E+00   0.0000000000000E+00
   1.2000000000000E+01   7.0000000000000E+00   1.7557330000000E+00   1.6535751439936E+00   0.0000000000000E+00   1.0000000000000E+00   1.7557330000000E+00   1.9871585679871E+00  -2.3142556798712E-01   6.2257303994320E-01
   1.2000000000000E+01   8.5000000000000E+00   1.8907990000000E+00   2.2275025264678E+00   0.0000000000000E+00   2.0000000000000E+00   1.8907990000000E+00   2.9601209843087E+00  -1.0693219843087E+00  -1.6863067980377E+00
   1.2000000000000E+01   1.0000000000000E+01   2.3871980000000E+00   2.4960263979534E+00   0.0000000000000E+00   2.0000000000000E+00   2.3871980000000E+00   3.1366972622613E+00  -7.4949926226126E-01  -7.8504596296668E-01
   1.2000000000000E+01   1.1500000000000E+01   2.4456120000000E+00   2.3780156649089E+00   0.0000000000000E+00   2.0000000000000E+00   2.4456120000000E+00   2.8512649492655E+00  -4.0565294926551E-01  -4.0372132687531E-02
   1.2000000000000E+01   1.2000000000000E+01   0.0000000000000E+00   2.2909009693731E+00   1.0000000000000E+00   2.0000000000000E+00   0.0000000000000E+00   2.7139253888393E+00   0.0000000000000E+00   0.0000000000000E+00
   1.2000000000000E+01   1.3000000000000E+01   2.3250550000000E+00   2.1996951769375E+00   0.0000000000000E+00   2.0000000000000E+00   2.3250550000000E+00   2.7049987768664E+00  -3.7994377686637E-01   1.6468508118372E-01
   1.2000000000000E+01   1.5000000000000E+01   2.6437270000000E+00   2.8802169470333E+00   0.0000000000000E+00   2.0000000000000E+00   2.6437270000000E+00   3.6139353044661E+00  -9.7020830446614E-01  -1.1232632944304E+00
   1.2000000000000E+01   1.7000000000000E+01   2.7838600000000E+00   2.7850753922729E+00   0.0000000000000E+00   2.0000000000000E+00   2.7838600000000E+00   3.3384333734948E+00  -5.5457337349481E-01  -2.9814040078326E-01
   1.2000000000000E+01   1.8000000000000E+01   0.0000000000000E+00   2.6121879893409E+00   1.0000000000000E+00   3.0000000000000E+00   0.0000000000000E+00   3.0203661062393E+00   0.0000000000000E+00   0.0000000000000E+00
   1.2000000000000E+01   1.9000000000000E+01   3.0672180000000E+00   2.7861289573110E+00   0.0000000000000E+00   3.0000000000000E+00   3.0672180000000E+00   2.9620612616977E+00   1.0515673830229E-01   1.1180813339224E+00
   1.2000000000000E+01   2.1000000000000E+01   3.6090050000000E+00   3.6983834522044E+00   0.0000000000000E+00   3.0000000000000E+00   3.6090050000000E+00   3.7942199746214E+00  -1.8521497462136E-01   9.6284543266201E-02
   1.2000000000000E+01   2.4000000000000E+01   2.6318240000000E+00   2.9098609181260E+00   0.0000000000000E+00   3.0000000000000E+00   2.6318240000000E+00   3.1255900212178E+00  -4.9376602121784E-01  -7.5664132627224E-01
   1.2000000000000E+01   3.0000000000000E+01   1.2327580000000E+00   1.1286137554043E+00   0.0000000000000E+00   3.0000000000000E+00   1.2327580000000E+00   1.2907885617212E+00  -5.8030561721227E-02   5.5595074535776E-01
   1.2000000000000E+01   3.6000000000000E+01   3.7203200000000E-01   3.8308464440246E-01   0.0000000000000E+00   3.0000000000000E+00   3.7203200000000E-01   4.5876288444184E-01  -8.6730884441839E-02  -6.5199720576240E-01
   1.3000000000000E+01   0.0000000000000E+00   0.0000000000000E+00   0.0000000000000E+00   1.0000000000000E+00   1.0000000000000E+00   0.0000000000000E+00   0.0000000000000E+00   0.0000000000000E+00   0.0000000000000E+00
   1.3000000000000E+01   1.0000000000000E+00   9.3923000000000E-02   9.6104583734531E-02   0.0000000000000E+00   1.0000000000000E+00   9.3923000000000E-02   2.8663959122029E-01  -1.9271659122029E-01  -5.5792030202911E-01
   1.3000000000000E+01   3.0000000000000E+00   1.2747440000000E+00   1.1930299340981E+00   0.0000000000000E+00   1.0000000000000E+00   1.2747440000000E+00   1.7749232049351E+00  -5.0017920493510E-01  -4.0072126051293E-01
   1.3000000000000E+01   5.0000000000000E+00   1.5267010000000E+00   1.6098952123028E+00   0.0000000000000E+00   1.0000000000000E+00   1.5267010000000E+00   1.9864255600780E+00  -4.5972456007798E-01  -8.5503251078438E-01
   1.3000000000000E+01   6.0000000000000E+00   0.0000000000000E+00   1.6073815711709E+00   1.0000000000000E+00   1.0000000000000E+00   0.0000000000000E+00   1.8701484683558E+00   0.0000000000000E+00   0.0000000000000E+00
   1.3000000000000E+01   7.0000000000000E+00   1.5452680000000E+00   1.6296209505835E+00   0.0000000000000E+00   1.0000000000000E+00   1.5452680000000E+00   1.9871585679871E+00  -4.4189056798712E-01  -7.2394994114582E-01
   1.3000000000000E+01   8.5000000000000E+00   2.4431220000000E+00   2.3062111503395E+00   0.0000000000000E+00   2.0000000000000E+00   2.4431220000000E+00   2.9601209843087E+00  -5.1699898430871E-01  -2.4750696882114E-01
   1.3000000000000E+01   1.0000000000000E+01   2.9262340000000E+00   2.6318583428608E+00   0.0000000000000E+00   2.0000000000000E+00   2.9262340000000E+00   3.1366972622613E+00  -2.1046326226126E-01   4.1245797024456E-01
   1.3000000000000E+01   1.1500000000000E+01   2.3712020000000E+00   2.5570823757767E+00   0.0000000000000E+00   2.0000000000000E+00   2.3712020000000E+00   2.8512649492655E+00  -4.8006294926551E-01  -1.0442403218666E+00
   1.3000000000000E+01   1.2000000000000E+01   0.0000000000000E+00   2.4815339544354E+00   1.0000000000000E+00   2.0000000000000E+00   0.0000000000000E+00   2.7139253888393E+00   0.0000000000000E+00   0.0000000000000E+00
   1.3000000000000E+01   1.3000000000000E+01   2.3051170000000E+00   2.4665659734386E+00   0.0000000000000E+00   2.0000000000000E+00   2.3051170000000E+00   2.7049987768664E+00  -3.9988177686637E-01  -8.5861672471743E-01
   1.3000000000000E+01   1.5000000000000E+01   3.3742950000000E+00   3.2752585313837E+00   0.0000000000000E+00   2.0000000000000E+00   3.3742950000000E+00   3.6139353044661E+00  -2.3964030446614E-01   8.5555574771576E-02
   1.3000000000000E+01   1.7000000000000E+01   3.2233830000000E+00   3.1486363819466E+00   0.0000000000000E+00   2.0000000000000E+00   3.2233830000000E+00   3.3384333734948E+00  -1.1505037349481E-01   9.5083803753983E-02
   1.3000000000000E+01   1.8000000000000E+01   0.0000000000000E+00   3.0425419601949E+00   1.0000000000000E+00   3.0000000000000E+00   0.0000000000000E+00   3.0203661062393E+00   0.0000000000000E+00   0.0000000000000E+00
   1.3000000000000E+01   1.9000000000000E+01   2.8957010000000E+00   3.1657904543085E+00   0.0000000000000E+00   3.0000000000000E+00   2.8957010000000E+00   2.9620612616977E+00  -6.6360261697710E-02  -8.9669568059700E-01
   1.3000000000000E+01   2.1000000000000E+01   4.5988510000000E+00   4.1817953097729E+00   0.0000000000000E+00   3.0000000000000E+00   4.5988510000000E+00   3.7942199746214E+00   8.0463102537864E-01   1.3862195295032E+00
   1.3000000000000E+01   2.4000000000000E+01   3.7792690000000E+00   3.7551743662803E+00   0.0000000000000E+00   3.0000000000000E+00   3.7792690000000E+00   3.1255900212178E+00   6.5367897878216E-01   5.6122421718298E-01
   1.3000000000000E+01   3.0000000000000E+01   1.8274980000000E+00   1.9875373150600E+00   0.0000000000000E+00   3.0000000000000E+00   1.8274980000000E+00   1.2907885617212E+00   5.3670943827877E-01  -3.8886421073077E-01
   1.3000000000000E+01   3.6000000000000E+01   1.0084190000000E+00   9.3783421642948E-01   0.0000000000000E+00   3.0000000000000E+00   1.0084190000000E+00   4.5876288444184E-01   5.4965611555816E-01   2.4322045714447E+00
   1.4000000000000E+01   0.0000000000000E+00   0.0000000000000E+00   0.0000000000000E+00   1.0000000000000E+00   1.0000000000000E+00   0.0000000000000E+00   0.0000000000000E+00   0.0000000000000E+00   0.0000000000000E+00
   1.4000000000000E+01   1.0000000000000E+00   3.0940600000000E-01   3.0954193461911E-01   0.0000000000000E+00   1.0000000000000E+00   3.0940600000000E-01   2.8663959122029E-01   2.2766408779705E-02  -1.9946290768236E-01
   1.4000000000000E+01   3.0000000000000E+00   1.9271950000000E+00   1.8628637126925E+00   0.0000000000000E+00   1.0000000000000E+00   1.9271950000000E+00   1.7749232049351E+00   1.5227179506490E-01   3.1380512454015E-01
   1.4000000000000E+01   5.0000000000000E+00   2.0501430000000E+00   2.0740872833002E+00   0.0000000000000E+00   1.0000000000000E+00   2.0501430000000E+00   1.9864255600780E+00   6.3717439922018E-02  -7.5344364346111E-02
   1.4000000000000E+01   6.0000000000000E+00   0.0000000000000E+00   1.9510681376984E+00   1.0000000000000E+00   1.0000000000000E+00   0.0000000000000E+00   1.8701484683558E+00   0.0000000000000E+00   0.0000000000000E+00
   1.4000000000000E+01   7.0000000000000E+00   2.1803860000000E+00   2.0832190842315E+00   0.0000000000000E+00   1.0000000000000E+00   2.1803860000000E+00   1.9871585679871E+00   1.9322743201288E-01   5.8792551648687E-01
   1.4000000000000E+01   8.5000000000000E+00   3.2517390000000E+00   3.0712984875674E+00   0.0000000000000E+00   2.0000000000000E+00   3.2517390000000E+00   2.9601209843087E+00   2.9161801569129E-01   6.4968539242751E-01
   1.4000000000000E+01   1.0000000000000E+01   2.7851450000000E+00   3.2172180167299E+00   0.0000000000000E+00   2.0000000000000E+00   2.7851450000000E+00   3.1366972622613E+00  -3.5155226226126E-01  -1.4467550783543E+00
   1.4000000000000E+01   1.1500000000000E+01   2.9295600000000E+00   2.8943158610189E+00   0.0000000000000E+00   2.0000000000000E+00   2.9295600000000E+00   2.8512649492655E+00   7.8295050734486E-02   1.0813036478007E-01
   1.4000000000000E+01   1.2000000000000E+01   0.0000000000000E+00   2.7458089739340E+00   1.0000000000000E+00   2.0000000000000E+00   0.0000000000000E+00   2.7139253888393E+00   0.0000000000000E+00   0.0000000000000E+00
   1.4000000000000E+01   1.3000000000000E+01   2.7476210000000E+00   2.8263701255308E+00   0.0000000000000E+00   2.0000000000000E+00   2.7476210000000E+00   2.7049987768664E+00   4.2622223133633E-02  -2.3169261517055E-01
   1.4000000000000E+01   1.5000000000000E+01   3.9241220000000E+00   3.7958795324976E+00   0.0000000000000E+00   2.0000000000000E+00   3.9241220000000E+00   3.6139353044661E+00   3.1018669553386E-01   4.2252413049439E-01
   1.4000000000000E+01   1.7000000000000E+01   3.7423550000000E+00   3.3918793486419E+00   0.0000000000000E+00   2.0000000000000E+00   3.7423550000000E+00   3.3384333734948E+00   4.0392162650519E-01   1.0288587159321E+00
   1.4000000000000E+01   1.8000000000000E+01   0.0000000000000E+00   3.0164879556963E+00   1.0000000000000E+00   3.0000000000000E+00   0.0000000000000E+00   3.0203661062393E+00   0.0000000000000E+00   0.0000000000000E+00
   1.4000000000000E+01   1.9000000000000E+01   2.6347860000000E+00   2.8494175324719E+00   0.0000000000000E+00   3.0000000000000E+00   2.6347860000000E+00   2.9620612616977E+00  -3.2727526169771E-01  -9.1196066068748E-01
   1.4000000000000E+01   2.1000000000000E+01   3.6621050000000E+00   3.5984516570074E+00   0.0000000000000E+00   3.0000000000000E+00   3.6621050000000E+00   3.7942199746214E+00  -1.3211497462136E-01  -7.9010756034924E-02
   1.4000000000000E+01   2.4000000000000E+01   3.1796220000000E+00   3.0184724733396E+00   0.0000000000000E+00   3.0000000000000E+00   3.1796220000000E+00   3.1255900212178E+00   5.4031978782163E-02   4.0780774771993E-01
   1.4000000000000E+01   3.0000000000000E+01   1.1538110000000E+00   1.2424106230980E+00   0.0000000000000E+00   3.0000000000000E+00   1.1538110000000E+00   1.2907885617212E+00  -1.3697756172123E-01  -5.9030403191375E-01
   1.4000000000000E+01   3.6000000000000E+01   4.5103100000000E-01   4.3115928780224E-01   0.0000000000000E+00   3.0000000000000E+00   4.5103100000000E-01   4.5876288444184E-01  -7.7318844418385E-03   4.4336614647787E-01
   1.5000000000000E+01   0.0000000000000E+00   0.0000000000000E+00   0.0000000000000E+00   1.0000000000000E+00   1.0000000000000E+00   0.0000000000000E+00   0.0000000000000E+00   0.0000000000000E+00   0.0000000000000E+00
   1.5000000000000E+01   1.0000000000000E+00   7.1166600000000E-01   6.7538010376969E-01   0.0000000000000E+00   1.0000000000000E+00   7.1166600000000E-01   2.8663959122029E-01   4.2502640877971E-01   2.9282968179501E+00
   1.5000000000000E+01   3.0000000000000E+00   1.9857200000000E+00   2.0252445611436E+00   0.0000000000000E+00   1.0000000000000E+00   1.9857200000000E+00   1.7749232049351E+00   2.1079679506490E-01  -3.1733164109789E-02
   1.5000000000000E+01   5.0000000000000E+00   1.9095860000000E+00   1.8530061658208E+00   0.0000000000000E+00   1.0000000000000E+00   1.9095860000000E+00   1.9864255600780E+00  -7.6839560077982E-02  -2.2370095759289E-01
   1.5000000000000E+01   6.0000000000000E+00   0.0000000000000E+00   1.6396019365018E+00   1.0000000000000E+00   1.0000000000000E+00   0.0000000000000E+00   1.8701484683558E+00   0.0000000000000E+00   0.0000000000000E+00
   1.5000000000000E+01   7.0000000000000E+00   1.9796080000000E+00   2.0944069935558E+00   0.0000000000000E+00   1.0000000000000E+00   1.9796080000000E+00   1.9871585679871E+00  -7.5505679871215E-03  -2.7816182206002E-01
   1.5000000000000E+01   8.5000000000000E+00   3.0552840000000E+00   3.1300083830062E+00   0.0000000000000E+00   2.0000000000000E+00   3.0552840000000E+00   2.9601209843087E+00   9.5163015691286E-02  -1.5368399546775E-01
   1.5000000000000E+01   1.0000000000000E+01   3.1078270000000E+00   3.0600986500393E+00   0.0000000000000E+00   2.0000000000000E+00   3.1078270000000E+00   3.1366972622613E+00  -2.8870262261262E-02  -1.5393928260137E-01
   1.5000000000000E+01   1.1500000000000E+01   2.5209940000000E+00   2.6483651569286E+00   0.0000000000000E+00   2.0000000000000E+00   2.5209940000000E+00   2.8512649492655E+00  -3.3027094926551E-01  -9.8190962023020E-01
   1.5000000000000E+01   1.2000000000000E+01   0.0000000000000E+00   2.4931494128328E+00   1.0000000000000E+00   2.0000000000000E+00   0.0000000000000E+00   2.7139253888393E+00   0.0000000000000E+00   0.0000000000000E+00
   1.5000000000000E+01   1.3000000000000E+01   2.9311170000000E+00   2.7763611253456E+00   0.0000000000000E+00   2.0000000000000E+00   2.9311170000000E+00   2.7049987768664E+00   2.2611822313363E-01   7.6492636749152E-01
   1.5000000000000E+01   1.5000000000000E+01   3.8573480000000E+00   3.6732461435405E+00   0.0000000000000E+00   2.0000000000000E+00   3.8573480000000E+00   3.6139353044661E+00   2.4341269553386E-01   5.7589380752291E-01
   1.5000000000000E+01   1.7000000000000E+01   3.1713670000000E+00   3.1999785182061E+00   0.0000000000000E+00   2.0000000000000E+00   3.1713670000000E+00   3.3384333734948E+00  -1.6706637349481E-01  -3.8636915646835E-01
   1.5000000000000E+01   1.8000000000000E+01   0.0000000000000E+00   2.9208379605846E+00   1.0000000000000E+00   3.0000000000000E+00   0.0000000000000E+00   3.0203661062393E+00   0.0000000000000E+00   0.0000000000000E+00
   1.5000000000000E+01   1.9000000000000E+01   2.8141560000000E+00   2.8893668964869E+00   0.0000000000000E+00   3.0000000000000E+00   2.8141560000000E+00   2.9620612616977E+00  -1.4790526169771E-01  -5.2745351034500E-01
   1.5000000000000E+01   2.1000000000000E+01   3.8592370000000E+00   3.7629509595443E+00   0.0000000000000E+00   3.0000000000000E+00   3.8592370000000E+00   3.7942199746214E+00   6.5017025378643E-02   1.2249395460284E-01
   1.5000000000000E+01   2.4000000000000E+01   3.5705390000000E+00   3.3599472163769E+00   0.0000000000000E+00   3.0000000000000E+00   3.5705390000000E+00   3.1255900212178E+00   4.4494897878216E-01   8.0657528943849E-01
   1.5000000000000E+01   3.0000000000000E+01   1.5412050000000E+00   1.7323315120413E+00   0.0000000000000E+00   3.0000000000000E+00   1.5412050000000E+00   1.2907885617212E+00   2.5041643827877E-01  -7.4142474220625E-01
   1.5000000000000E+01   3.6000000000000E+01   8.5399400000000E-01   7.9441691616672E-01   0.0000000000000E+00   3.0000000000000E+00   8.5399400000000E-01   4.5876288444184E-01   3.9523111555816E-01   1.9688332530360E+00
   1.6000000000000E+01   0.0000000000000E+00   0.0000000000000E+00   0.0000000000000E+00   1.0000000000000E+00   1.0000000000000E+00   0.0000000000000E+00   0.0000000000000E+00   0.0000000000000E+00   0.0000000000000E+00
   1.6000000000000E+01   1.0000000000000E+00   1.1360600000000E-01   1.1083799008941E-01   0.0000000000000E+00   1.0000000000000E+00   1.1360600000000E-01   2.8663959122029E-01  -1.7303359122029E-01   5.3653995655478E-01
   1.6000000000000E+01   3.0000000000000E+00   1.1842520000000E+00   1.2078136758196E+00   0.0000000000000E+00   1.0000000000000E+00   1.1842520000000E+00   1.7749232049351E+00  -5.9067120493510E-01  -6.0251991921097E-01
   1.6000000000000E+01   5.0000000000000E+00   1.5913790000000E+00   1.6073864116312E+00   0.0000000000000E+00   1.0000000000000E+00   1.5913790000000E+00   1.9864255600780E+00  -3.9504656007798E-01  -5.8245685390444E-01
   1.6000000000000E+01   6.0000000000000E+00   0.0000000000000E+00   1.6077954242349E+00   1.0000000000000E+00   1.0000000000000E+00   0.0000000000000E+00   1.8701484683558E+00   0.0000000000000E+00   0.0000000000000E+00
   1.6000000000000E+01   7.0000000000000E+00   1.7461500000000E+00   1.6520102690174E+00   0.0000000000000E+00   1.0000000000000E+00   1.7461500000000E+00   1.9871585679871E+00  -2.4100856798712E-01   3.2976431601613E-01
   1.6000000000000E+01   8.5000000000000E+00   2.3517910000000E+00   2.4116003436990E+00   0.0000000000000E+00   2.0000000000000E+00   2.3517910000000E+00   2.9601209843087E+00  -6.0832998430871E-01  -6.7401792581669E-01
   1.6000000000000E+01   1.0000000000000E+01   2.7404280000000E+00   2.7950120034870E+00   0.0000000000000E+00   2.0000000000000E+00   2.7404280000000E+00   3.1366972622613E+00  -3.9626926226126E-01  -6.6570724210805E-01
   1.6000000000000E+01   1.1500000000000E+01   2.4096600000000E+00   2.7828806928030E+00   0.0000000000000E+00   2.0000000000000E+00   2.4096600000000E+00   2.8512649492655E+00  -4.4160494926551E-01  -1.6872410100217E+00
   1.6000000000000E+01   1.2000000000000E+01   0.0000000000000E+00   2.7273050019559E+00   1.0000000000000E+00   2.0000000000000E+00   0.0000000000000E+00   2.7139253888393E+00   0.0000000000000E+00   0.0000000000000E+00
   1.6000000000000E+01   1.3000000000000E+01   3.0409360000000E+00   3.1514232799715E+00   0.0000000000000E+00   2.0000000000000E+00   3.0409360000000E+00   2.7049987768664E+00   3.3593722313363E-01  -2.3209566775792E-01
   1.6000000000000E+01   1.5000000000000E+01   4.9103120000000E+00   4.1408050167706E+00   0.0000000000000E+00   2.0000000000000E+00   4.9103120000000E+00   3.6139353044661E+00   1.2963766955339E+00   2.1503106955731E+00
   1.6000000000000E+01   1.7000000000000E+01   3.6723690000000E+00   3.7436704690669E+00   0.0000000000000E+00   2.0000000000000E+00   3.6723690000000E+00   3.3384333734948E+00   3.3393562650519E-01  -1.2099439770153E-01
   1.6000000000000E+01   1.8000000000000E+01   0.0000000000000E+00   3.3428352571964E+00   1.0000000000000E+00   3.0000000000000E+00   0.0000000000000E+00   3.0203661062393E+00   0.0000000000000E+00   0.0000000000000E+00
   1.6000000000000E+01   1.9000000000000E+01   3.7969680000000E+00   3.4556433339707E+00   0.0000000000000E+00   3.0000000000000E+00   3.7969680000000E+00   2.9620612616977E+00   8.3490673830229E-01   1.7524626581206E+00
   1.6000000000000E+01   2.1000000000000E+01   4.1101340000000E+00   4.0887726276322E+00   0.0000000000000E+00   3.0000000000000E+00   4.1101340000000E+00   3.7942199746214E+00   3.1591402537864E-01   2.6954138787739E-01
   1.6000000000000E+01   2.4000000000000E+01   2.7778330000000E+00   3.1339008850173E+00   0.0000000000000E+00   3.0000000000000E+00   2.7778330000000E+00   3.1255900212178E+00  -3.4775702121784E-01  -1.1837999479603E+00
   1.6000000000000E+01   3.0000000000000E+01   1.2774770000000E+00   1.3309050099468E+00   0.0000000000000E+00   3.0000000000000E+00   1.2774770000000E+00   1.2907885617212E+00  -1.3311561721227E-02  -1.5320573398857E-01
   1.6000000000000E+01   3.6000000000000E+01   5.5324000000000E-01   5.2420933351547E-01   0.0000000000000E+00   3.0000000000000E+00   5.5324000000000E-01   4.5876288444184E-01   9.4477115558161E-02   7.6866217951412E-01
   1.7000000000000E+01   0.0000000000000E+00   0.0000000000000E+00   0.0000000000000E+00   1.0000000000000E+00   1.0000000000000E+00   0.0000000000000E+00   0.0000000000000E+00   0.0000000000000E+00   0.0000000000000E+00
   1.7000000000000E+01   1.0000000000000E+00   8.5643700000000E-01   8.0606523563108E-01   0.0000000000000E+00   1.0000000000000E+00   8.5643700000000E-01   2.8663959122029E-01   5.6979740877971E-01   3.6862737099151E+00
   1.7000000000000E+01   3.0000000000000E+00   2.1764560000000E+00   2.5739622501997E+00   0.0000000000000E+00   1.0000000000000E+00   2.1764560000000E+00   1.7749232049351E+00   4.0153279506490E-01  -1.4352773807375E+00
   1.7000000000000E+01   5.0000000000000E+00   2.6964630000000E+00   2.3680017556012E+00   0.0000000000000E+00   1.0000000000000E+00   2.6964630000000E+00   1.9864255600780E+00   7.1003743992202E-01   1.8138987231457E+00
   1.7000000000000E+01   6.0000000000000E+00   0.0000000000000E+00   2.0906469388000E+00   1.0000000000000E+00   1.0000000000000E+00   0.0000000000000E+00   1.8701484683558E+00   0.0000000000000E+00   0.0000000000000E+00
   1.7000000000000E+01   7.0000000000000E+00   2.4531960000000E+00   2.6082263241384E+00   0.0000000000000E+00   1.0000000000000E+00   2.4531960000000E+00   1.9871585679871E+00   4.6603743201288E-01   4.2413697307432E-02
   1.7000000000000E+01   8.5000000000000E+00   4.1195280000000E+00   3.8832758417200E+00   0.0000000000000E+00   2.0000000000000E+00   4.1195280000000E+00   2.9601209843087E+00   1.1594070156913E+00   1.6074558720587E+00
   1.7000000000000E+01   1.0000000000000E+01   3.5406630000000E+00   3.7504566416261E+00   0.0000000000000E+00   2.0000000000000E+00   3.5406630000000E+00   3.1366972622613E+00   4.0396573773874E-01  -4.0024499553160E-01
   1.7000000000000E+01   1.1500000000000E+01   2.9727870000000E+00   3.1789022389144E+00   0.0000000000000E+00   2.0000000000000E+00   2.9727870000000E+00   2.8512649492655E+00   1.2152205073449E-01  -7.9078924509477E-01
   1.7000000000000E+01   1.2000000000000E+01   0.0000000000000E+00   2.9682303376892E+00   1.0000000000000E+00   2.0000000000000E+00   0.0000000000000E+00   2.7139253888393E+00   0.0000000000000E+00   0.0000000000000E+00
   1.7000000000000E+01   1.3000000000000E+01   3.0670560000000E+00   2.9761784605200E+00   0.0000000000000E+00   2.0000000000000E+00   3.0670560000000E+00   2.7049987768664E+00   3.6205722313363E-01   2.5917112223809E-01
   1.7000000000000E+01   1.5000000000000E+01   3.9950160000000E+00   4.0642516304815E+00   0.0000000000000E+00   2.0000000000000E+00   3.9950160000000E+00   3.6139353044661E+00   3.8108069553386E-01   1.4747196801033E-02
   1.7000000000000E+01   1.7000000000000E+01   4.0585040000000E+00   3.6806022720729E+00   0.0000000000000E+00   2.0000000000000E+00   4.0585040000000E+00   3.3384333734948E+00   7.2007062650519E-01   1.2887289264884E+00
   1.7000000000000E+01   1.8000000000000E+01   0.0000000000000E+00   3.2286831463064E+00   1.0000000000000E+00   3.0000000000000E+00   0.0000000000000E+00   3.0203661062393E+00   0.0000000000000E+00   0.0000000000000E+00
   1.7000000000000E+01   1.9000000000000E+01   3.0195490000000E+00   3.1007318865246E+00   0.0000000000000E+00   3.0000000000000E+00   3.0195490000000E+00   2.9620612616977E+00   5.7487738302290E-02  -4.2672097937421E-01
   1.7000000000000E+01   2.1000000000000E+01   4.1147130000000E+00   4.0045723597364E+00   0.0000000000000E+00   3.0000000000000E+00   4.1147130000000E+00   3.7942199746214E+00   3.2049302537864E-01   2.8986170659561E-01
   1.7000000000000E+01   2.4000000000000E+01   3.1839350000000E+00   3.2017914662258E+00   0.0000000000000E+00   3.0000000000000E+00   3.1839350000000E+00   3.1255900212178E+00   5.8344978782163E-02  -1.7817380860883E-01
   1.7000000000000E+01   3.0000000000000E+01   1.3290790000000E+00   1.1955924717473E+00   0.0000000000000E+00   3.0000000000000E+00   1.3290790000000E+00   1.2907885617212E+00   3.8290438278773E-02   4.7160723514323E-01
   1.7000000000000E+01   3.6000000000000E+01   3.5282700000000E-01   3.7814117577218E-01   0.0000000000000E+00   3.0000000000000E+00   3.5282700000000E-01   4.5876288444184E-01  -1.0593588444184E-01  -1.1968138174193E+00
   1.8000000000000E+01   0.0000000000000E+00   0.0000000000000E+00   0.0000000000000E+00   1.0000000000000E+00   1.0000000000000E+00   0.0000000000000E+00   0.0000000000000E+00   0.0000000000000E+00   0.0000000000000E+00
   1.8000000000000E+01   1.0000000000000E+00   1.8436000000000E-01   1.8532461796793E-01   0.0000000000000E+00   1.0000000000000E+00   1.8436000000000E-01   2.8663959122029E-01  -1.0227959122029E-01  -2.7545254925395E-01
   1.8000000000000E+01   3.0000000000000E+00   1.2636150000000E+00   1.3501684205489E+00   0.0000000000000E+00   1.0000000000000E+00   1.2636150000000E+00   1.7749232049351E+00  -5.1130820493510E-01  -6.7187677447722E-01
   1.8000000000000E+01   5.0000000000000E+00   1.5484170000000E+00   1.4834512636063E+00   0.0000000000000E+00   1.0000000000000E+00   1.5484170000000E+00   1.9864255600780E+00  -4.3800856007798E-01   1.3935375409447E-01
   1.8000000000000E+01   6.0000000000000E+00   0.0000000000000E+00   1.3632265047181E+00   1.0000000000000E+00   1.0000000000000E+00   0.0000000000000E+00   1.8701484683558E+00   0.0000000000000E+00   0.0000000000000E+00
   1.8000000000000E+01   7.0000000000000E+00   1.2160550000000E+00   1.3889359529802E+00   0.0000000000000E+00   1.0000000000000E+00   1.2160550000000E+00   1.9871585679871E+00  -7.7110356798712E-01  -1.3322967674504E+00
   1.8000000000000E+01   8.5000000000000E+00   2.3760580000000E+00   1.9896011049117E+00   0.0000000000000E+00   2.0000000000000E+00   2.3760580000000E+00   2.9601209843087E+00  -5.8406298430871E-01   6.4764314694438E-01
   1.8000000000000E+01   1.0000000000000E+01   1.9094770000000E+00   2.0020300478991E+00   0.0000000000000E+00   2.0000000000000E+00   1.9094770000000E+00   3.1366972622613E+00  -1.2272202622613E+00  -1.1420521948437E+00
   1.8000000000000E+01   1.1500000000000E+01   1.6364560000000E+00   1.6801608986497E+00   0.0000000000000E+00   2.0000000000000E+00   1.6364560000000E+00   2.8512649492655E+00  -1.2148089492655E+00  -1.0829797193501E+00
   1.8000000000000E+01   1.2000000000000E+01   0.0000000000000E+00   1.5512502255818E+00   1.0000000000000E+00   2.0000000000000E+00   0.0000000000000E+00   2.7139253888393E+00   0.0000000000000E+00   0.0000000000000E+00
   1.8000000000000E+01   1.3000000000000E+01   1.9727690000000E+00   1.8703102770850E+00   0.0000000000000E+00   2.0000000000000E+00   1.9727690000000E+00   2.7049987768664E+00  -7.3222977686637E-01   5.9331628624027E-01
   1.8000000000000E+01   1.5000000000000E+01   2.4657390000000E+00   2.5198465434931E+00   0.0000000000000E+00   2.0000000000000E+00   2.4657390000000E+00   3.6139353044661E+00  -1.1481963044661E+00  -2.8422559255283E-01
   1.8000000000000E+01   1.7000000000000E+01   1.7368710000000E+00   1.8646179554307E+00   0.0000000000000E+00   2.0000000000000E+00   1.7368710000000E+00   3.3384333734948E+00  -1.6015623734948E+00  -1.4282778708730E+00
   1.8000000000000E+01   1.8000000000000E+01   0.0000000000000E+00   1.7155449822884E+00   1.0000000000000E+00   3.0000000000000E+00   0.0000000000000E+00   3.0203661062393E+00   0.0000000000000E+00   0.0000000000000E+00
   1.8000000000000E+01   1.9000000000000E+01   1.5922990000000E+00   1.7010124994619E+00   0.0000000000000E+00   3.0000000000000E+00   1.5922990000000E+00   2.9620612616977E+00  -1.3697622616977E+00  -1.2711253632295E+00
   1.8000000000000E+01   2.1000000000000E+01   2.8083860000000E+00   2.5890128692263E+00   0.0000000000000E+00   3.0000000000000E+00   2.8083860000000E+00   3.7942199746214E+00  -9.8583397462136E-01   1.1311908267411E-01
   1.8000000000000E+01   2.4000000000000E+01   2.2183860000000E+00   2.4280949085102E+00   0.0000000000000E+00   3.0000000000000E+00   2.2183860000000E+00   3.1255900212178E+00  -9.0720402121784E-01  -6.6338707672147E-01
   1.8000000000000E+01   3.0000000000000E+01   1.2509380000000E+00   1.1366014675431E+00   0.0000000000000E+00   3.0000000000000E+00   1.2509380000000E+00   1.2907885617212E+00  -3.9850561721227E-02   1.1699090636259E+00
   1.8000000000000E+01   3.6000000000000E+01   4.3774700000000E-01   4.4090233348042E-01   0.0000000000000E+00   3.0000000000000E+00   4.3774700000000E-01   4.5876288444184E-01  -2.1015884441838E-02   1.6864989691051E-01
   1.9000000000000E+01   0.0000000000000E+00   0.0000000000000E+00   0.0000000000000E+00   1.0000000000000E+00   1.0000000000000E+00   0.0000000000000E+00   0.0000000000000E+00   0.0000000000000E+00   0.0000000000000E+00
   1.9000000000000E+01   1.0000000000000E+00   1.4246400000000E-01   1.3899732598881E-01   0.0000000000000E+00   1.0000000000000E+00   1.4246400000000E-01   2.8663959122029E-01  -1.4417559122029E-01   3.6428272508875E-01
   1.9000000000000E+01   3.0000000000000E+00   1.3160420000000E+00   1.3703511998359E+00   0.0000000000000E+00   1.0000000000000E+00   1.3160420000000E+00   1.7749232049351E+00  -4.5888120493510E-01  -4.5741459103735E-01
   1.9000000000000E+01   5.0000000000000E+00   1.8660090000000E+00   1.7147803220545E+00   0.0000000000000E+00   1.0000000000000E+00   1.8660090000000E+00   1.9864255600780E+00  -1.2041656007798E-01   6.8146946089023E-01
   1.9000000000000E+01   6.0000000000000E+00   0.0000000000000E+00   1.6649980604266E+00   1.0000000000000E+00   1.0000000000000E+00   0.0000000000000E+00   1.8701484683558E+00   0.0000000000000E+00   0.0000000000000E+00
   1.9000000000000E+01   7.0000000000000E+00   1.6903060000000E+00   1.6881546934271E+00   0.0000000000000E+00   1.0000000000000E+00   1.6903060000000E+00   1.9871585679871E+00  -2.9685256798712E-01  -1.3851381500978E-01
   1.9000000000000E+01   8.5000000000000E+00   2.0872540000000E+00   2.4375454928677E+00   0.0000000000000E+00   2.0000000000000E+00   2.0872540000000E+00   2.9601209843087E+00  -8.7286698430871E-01  -1.5364844278206E+00
   1.9000000000000E+01   1.0000000000000E+01   2.8719250000000E+00   2.6984904514533E+00   0.0000000000000E+00   2.0000000000000E+00   2.8719250000000E+00   3.1366972622613E+00  -2.6477226226126E-01   3.0281770517461E-01
   1.9000000000000E+01   1.1500000000000E+01   2.3601800000000E+00   2.5305745752802E+00   0.0000000000000E+00   2.0000000000000E+00   2.3601800000000E+00   2.8512649492655E+00  -4.9108494926551E-01  -8.9307771763379E-01
   1.9000000000000E+01   1.2000000000000E+01   0.0000000000000E+00   2.4271275686546E+00   1.0000000000000E+00   2.0000000000000E+00   0.0000000000000E+00   2.7139253888393E+00   0.0000000000000E+00   0.0000000000000E+00
   1.9000000000000E+01   1.3000000000000E+01   2.6376290000000E+00   2.5100972539246E+00   0.0000000000000E+00   2.0000000000000E+00   2.6376290000000E+00   2.7049987768664E+00  -6.7369776866367E-02   3.3323223429655E-01
   1.9000000000000E+01   1.5000000000000E+01   3.3775870000000E+00   3.4150972606704E+00   0.0000000000000E+00   2.0000000000000E+00   3.3775870000000E+00   3.6139353044661E+00  -2.3634830446614E-01  -1.0002294404242E-01
   1.9000000000000E+01   1.7000000000000E+01   3.1927740000000E+00   3.0746026546461E+00   0.0000000000000E+00   2.0000000000000E+00   3.1927740000000E+00   3.3384333734948E+00  -1.4565937349481E-01   1.7858414590491E-01
   1.9000000000000E+01   1.8000000000000E+01   0.0000000000000E+00   2.8306773906908E+00   1.0000000000000E+00   3.0000000000000E+00   0.0000000000000E+00   3.0203661062393E+00   0.0000000000000E+00   0.0000000000000E+00
   1.9000000000000E+01   1.9000000000000E+01   2.6497980000000E+00   2.6673196510722E+00   0.0000000000000E+00   3.0000000000000E+00   2.6497980000000E+00   2.9620612616977E+00  -3.1226326169771E-01  -1.9204905756101E-01
   1.9000000000000E+01   2.1000000000000E+01   2.9643220000000E+00   3.3245620606389E+00   0.0000000000000E+00   3.0000000000000E+00   2.9643220000000E+00   3.7942199746214E+00  -8.2989797462136E-01  -1.2304154853406E+00
   1.9000000000000E+01   2.4000000000000E+01   3.3821250000000E+00   3.0516414670587E+00   0.0000000000000E+00   3.0000000000000E+00   3.3821250000000E+00   3.1255900212178E+00   2.5653497878216E-01   9.9170822802928E-01
   1.9000000000000E+01   3.0000000000000E+01   1.6133590000000E+00   1.4854197420830E+00   0.0000000000000E+00   3.0000000000000E+00   1.6133590000000E+00   1.2907885617212E+00   3.2257043827877E-01   7.9038431777531E-01
   1.9000000000000E+01   3.6000000000000E+01   5.7086600000000E-01   6.0141724138649E-01   0.0000000000000E+00   3.0000000000000E+00   5.7086600000000E-01   4.5876288444184E-01   1.1210311555816E-01  -7.0013121766803E-01
   2.0000000000000E+01   0.0000000000000E+00   0.0000000000000E+00   0.0000000000000E+00   1.0000000000000E+00   1.0000000000000E+00   0.0000000000000E+00   0.0000000000000E+00   0.0000000000000E+00   0.0000000000000E+00
   2.0000000000000E+01   1.0000000000000E+00   9.0751600000000E-01   8.3777217150848E-01   0.0000000000000E+00   1.0000000000000E+00   9.0751600000000E-01   2.8663959122029E-01   6.2087640877971E-01   4.0049392419586E+00
   2.0000000000000E+01   3.0000000000000E+00   2.1197940000000E+00   2.2642153986472E+00   0.0000000000000E+00   1.0000000000000E+00   2.1197940000000E+00   1.7749232049351E+00   3.4487079506490E-01  -2.8416095024883E-01
   2.0000000000000E+01   5.0000000000000E+00   2.2784780000000E+00   2.1248828668298E+00   0.0000000000000E+00   1.0000000000000E+00   2.2784780000000E+00   1.9864255600780E+00   2.9205243992202E-01   7.7892036399296E-01
   2.0000000000000E+01   6.0000000000000E+00   0.0000000000000E+00   1.9279153101933E+00   1.0000000000000E+00   1.0000000000000E+00   0.0000000000000E+00   1.8701484683558E+00   0.0000000000000E+00   0.0000000000000E+00
   2.0000000000000E+01   7.0000000000000E+00   2.2949310000000E+00   2.5566566782138E+00   0.0000000000000E+00   1.0000000000000E+00   2.2949310000000E+00   1.9871585679871E+00   3.0777243201288E-01  -3.5871030627157E-01
   2.0000000000000E+01   8.5000000000000E+00   3.5086750000000E+00   3.7183045288230E+00   0.0000000000000E+00   2.0000000000000E+00   3.5086750000000E+00   2.9601209843087E+00   5.4855401569129E-01  -2.0902913579400E-01
   2.0000000000000E+01   1.0000000000000E+01   3.9040050000000E+00   3.7131590852277E+00   0.0000000000000E+00   2.0000000000000E+00   3.9040050000000E+00   3.1366972622613E+00   7.6730773773874E-01   7.4904609795072E-01
   2.0000000000000E+01   1.1500000000000E+01   3.5998920000000E+00   3.3586271025786E+00   0.0000000000000E+00   2.0000000000000E+00   3.5998920000000E+00   2.8512649492655E+00   7.4862705073449E-01   7.8245647498413E-01
   2.0000000000000E+01   1.2000000000000E+01   0.0000000000000E+00   3.2180628335231E+00   1.0000000000000E+00   2.0000000000000E+00   0.0000000000000E+00   2.7139253888393E+00   0.0000000000000E+00   0.0000000000000E+00
   2.0000000000000E+01   1.3000000000000E+01   3.2702920000000E+00   3.2451883321325E+00   0.0000000000000E+00   2.0000000000000E+00   3.2702920000000E+00   2.7049987768664E+00   5.6529322313363E-01   1.8473065668954E-02
   2.0000000000000E+01   1.5000000000000E+01   4.1223020000000E+00   4.2296198630296E+00   0.0000000000000E+00   2.0000000000000E+00   4.1223020000000E+00   3.6139353044661E+00   5.0836669553386E-01  -9.2047380745557E-02
   2.0000000000000E+01   1.7000000000000E+01   4.4620390000000E+00   4.1182952773615E+00   0.0000000000000E+00   2.0000000000000E+00   4.4620390000000E+00   3.3384333734948E+00   1.1236056265052E+00   1.3350573417554E+00
   2.0000000000000E+01   1.8000000000000E+01   0.0000000000000E+00   3.8215064302382E+00   1.0000000000000E+00   3.0000000000000E+00   0.0000000000000E+00   3.0203661062393E+00   0.0000000000000E+00   0.0000000000000E+00
   2.0000000000000E+01   1.9000000000000E+01   3.6457530000000E+00   3.5398191275542E+00   0.0000000000000E+00   3.0000000000000E+00   3.6457530000000E+00   2.9620612616977E+00   6.8369173830229E-01   6.7748005820487E-01
   2.0000000000000E+01   2.1000000000000E+01   3.6551480000000E+00   3.8460615409357E+00   0.0000000000000E+00   3.0000000000000E+00   3.6551480000000E+00   3.7942199746214E+00  -1.3907197462136E-01  -1.0699452060157E+00
   2.0000000000000E+01   2.4000000000000E+01   3.5861900000000E+00   3.7510476382953E+00   0.0000000000000E+00   3.0000000000000E+00   3.5861900000000E+00   3.1255900212178E+00   4.6059997878216E-01  -7.1296772362105E-01
   2.0000000000000E+01   3.0000000000000E+01   2.2626100000000E+00   2.3196111162328E+00   0.0000000000000E+00   3.0000000000000E+00   2.2626100000000E+00   1.2907885617212E+00   9.7182143827877E-01   3.9554151193682E-01
   2.0000000000000E+01   3.6000000000000E+01   1.2864760000000E+00   1.2137322690017E+00   0.0000000000000E+00   3.0000000000000E+00   1.2864760000000E+00   4.5876288444184E-01   8.2771311555816E-01   3.1797062698183E+00
   2.1000000000000E+01   0.0000000000000E+00   0.0000000000000E+00   0.0000000000000E+00   1.0000000000000E+00   1.0000000000000E+00   0.0000000000000E+00   0.0000000000000E+00   0.0000000000000E+00   0.0000000000000E+00
   2.1000000000000E+01   1.0000000000000E+00   4.0513900000000E-01   4.0553904515573E-01   0.0000000000000E+00   1.0000000000000E+00   4.0513900000000E-01   2.8663959122029E-01   1.1849940877971E-01  -7.5084016412448E-01
   2.1000000000000E+01   3.0000000000000E+00   2.6084000000000E+00   2.4497500357516E+00   0.0000000000000E+00   1.0000000000000E+00   2.6084000000000E+00   1.7749232049351E+00   8.3347679506490E-01   1.7551168551113E+00
   2.1000000000000E+01   5.0000000000000E+00   2.5283790000000E+00   2.5249823145432E+00   0.0000000000000E+00   1.0000000000000E+00   2.5283790000000E+00   1.9864255600780E+00   5.4195343992202E-01   7.4923421933563E-01
   2.1000000000000E+01   6.0000000000000E+00   0.0000000000000E+00   2.2656831380849E+00   1.0000000000000E+00   1.0000000000000E+00   0.0000000000000E+00   1.8701484683558E+00   0.0000000000000E+00   0.0000000000000E+00
   2.1000000000000E+01   7.0000000000000E+00   2.4378770000000E+00   2.3635086988968E+00   0.0000000000000E+00   1.0000000000000E+00   2.4378770000000E+00   1.9871585679871E+00   4.5071843201288E-01   4.5422978065406E-01
   2.1000000000000E+01   8.5000000000000E+00   3.4150890000000E+00   3.5349421616357E+00   0.0000000000000E+00   2.0000000000000E+00   3.4150890000000E+00   2.9601209843087E+00   4.5496801569129E-01  -2.1851823962949E-01
   2.1000000000000E+01   1.0000000000000E+01   3.4816070000000E+00   3.5167766218772E+00   0.0000000000000E+00   2.0000000000000E+00   3.4816070000000E+00   3.1366972622613E+00   3.4490973773874E-01  -9.8419312397018E-02
   2.1000000000000E+01   1.1500000000000E+01   2.9857880000000E+00   2.9187957739081E+00   0.0000000000000E+00   2.0000000000000E+00   2.9857880000000E+00   2.8512649492655E+00   1.3452305073449E-01  -1.4397060316308E-01
   2.1000000000000E+01   1.2000000000000E+01   0.0000000000000E+00   2.6864458195474E+00   1.0000000000000E+00   2.0000000000000E+00   0.0000000000000E+00   2.7139253888393E+00   0.0000000000000E+00   0.0000000000000E+00
   2.1000000000000E+01   1.3000000000000E+01   3.5437640000000E+00   3.3229467552110E+00   0.0000000000000E+00   2.0000000000000E+00   3.5437640000000E+00   2.7049987768664E+00   8.3876522313363E-01   2.1269740501516E+00
   2.1000000000000E+01   1.5000000000000E+01   4.3830910000000E+00   4.4191264430006E+00   0.0000000000000E+00   2.0000000000000E+00   4.3830910000000E+00   3.6139353044661E+00   7.6915569553386E-01   7.4616153320746E-01
   2.1000000000000E+01   1.7000000000000E+01   3.2109120000000E+00   3.2445392581333E+00   0.0000000000000E+00   2.0000000000000E+00   3.2109120000000E+00   3.3384333734948E+00  -1.2752137349481E-01  -8.8468162666138E-01
   2.1000000000000E+01   1.8000000000000E+01   0.0000000000000E+00   2.6132959400211E+00   1.0000000000000E+00   3.0000000000000E+00   0.0000000000000E+00   3.0203661062393E+00   0.0000000000000E+00   0.0000000000000E+00
   2.1000000000000E+01   1.9000000000000E+01   2.5658550000000E+00   2.6601269006333E+00   0.0000000000000E+00   3.0000000000000E+00   2.5658550000000E+00   2.9620612616977E+00  -3.9620626169771E-01  -1.0398711884458E+00
   2.1000000000000E+01   2.1000000000000E+01   3.9715540000000E+00   3.8421387399330E+00   0.0000000000000E+00   3.0000000000000E+00   3.9715540000000E+00   3.7942199746214E+00   1.7733402537864E-01   5.1944311526535E-01
   2.1000000000000E+01   2.4000000000000E+01   2.8095370000000E+00   2.5710399945532E+00   0.0000000000000E+00   3.0000000000000E+00   2.8095370000000E+00   3.1255900212178E+00  -3.1605302121784E-01  -7.8407148403850E-02
   2.1000000000000E+01   3.0000000000000E+01   5.9056100000000E-01   6.1116525810247E-01   0.0000000000000E+00   3.0000000000000E+00   5.9056100000000E-01   1.2907885617212E+00  -7.0022756172123E-01  -1.3118341148068E+00
   2.1000000000000E+01   3.6000000000000E+01   1.2101000000000E-01   1.2040499902599E-01   0.0000000000000E+00   3.0000000000000E+00   1.2101000000000E-01   4.5876288444184E-01  -3.3775288444184E-01   3.2544432184437E-01
   2.2000000000000E+01   0.0000000000000E+00   0.0000000000000E+00   0.0000000000000E+00   1.0000000000000E+00   1.0000000000000E+00   0.0000000000000E+00   0.0000000000000E+00   0.0000000000000E+00   0.0000000000000E+00
   2.2000000000000E+01   1.0000000000000E+00   9.1606000000000E-02   9.2604751826137E-02   0.0000000000000E+00   1.0000000000000E+00   9.1606000000000E-02   2.8663959122029E-01  -1.9503359122029E-01  -6.4105750577392E-01
   2.2000000000000E+01   3.0000000000000E+00   1.2040850000000E+00   1.2697628833814E+00   0.0000000000000E+00   1.0000000000000E+00   1.2040850000000E+00   1.7749232049351E+00  -5.7083820493510E-01  -8.3960620189004E-01
   2.2000000000000E+01   5.0000000000000E+00   1.7233680000000E+00   1.5178416179209E+00   0.0000000000000E+00   1.0000000000000E+00   1.7233680000000E+00   1.9864255600780E+00  -2.6305756007798E-01   9.7269289537507E-01
   2.2000000000000E+01   6.0000000000000E+00   0.0000000000000E+00   1.4009375264423E+00   1.0000000000000E+00   1.0000000000000E+00   0.0000000000000E+00   1.8701484683558E+00   0.0000000000000E+00   0.0000000000000E+00
   2.2000000000000E+01   7.0000000000000E+00   1.1340960000000E+00   1.3214641528100E+00   0.0000000000000E+00   1.0000000000000E+00   1.1340960000000E+00   1.9871585679871E+00  -8.5306256798712E-01  -1.4662060643860E+00
   2.2000000000000E+01   8.5000000000000E+00   2.1968560000000E+00   1.9419968145701E+00   0.0000000000000E+00   2.0000000000000E+00   2.1968560000000E+00   2.9601209843087E+00  -7.6326498430871E-01   9.1687926317767E-02
   2.2000000000000E+01   1.0000000000000E+01   2.1582490000000E+00   2.1355762706995E+00   0.0000000000000E+00   2.0000000000000E+00   2.1582490000000E+00   3.1366972622613E+00  -9.7844826226126E-01  -4.7926938358300E-01
   2.2000000000000E+01   1.1500000000000E+01   1.8079370000000E+00   1.8838391554788E+00   0.0000000000000E+00   2.0000000000000E+00   1.8079370000000E+00   2.8512649492655E+00  -1.0433279492655E+00  -7.3494616821991E-01
   2.2000000000000E+01   1.2000000000000E+01   0.0000000000000E+00   1.7588880305645E+00   1.0000000000000E+00   2.0000000000000E+00   0.0000000000000E+00   2.7139253888393E+00   0.0000000000000E+00   0.0000000000000E+00
   2.2000000000000E+01   1.3000000000000E+01   1.5722100000000E+00   1.6441657770119E+00   0.0000000000000E+00   2.0000000000000E+00   1.5722100000000E+00   2.7049987768664E+00  -1.1327887768664E+00  -1.0260059183292E+00
   2.2000000000000E+01   1.5000000000000E+01   2.5037930000000E+00   2.4373364725211E+00   0.0000000000000E+00   2.0000000000000E+00   2.5037930000000E+00   3.6139353044661E+00  -1.1101423044661E+00  -3.5519021886966E-01
   2.2000000000000E+01   1.7000000000000E+01   2.2028070000000E+00   2.1695788163137E+00   0.0000000000000E+00   2.0000000000000E+00   2.2028070000000E+00   3.3384333734948E+00  -1.1356263734948E+00  -2.8105598264945E-01
   2.2000000000000E+01   1.8000000000000E+01   0.0000000000000E+00   1.7964734729260E+00   1.0000000000000E+00   3.0000000000000E+00   0.0000000000000E+00   3.0203661062393E+00   0.0000000000000E+00   0.0000000000000E+00
   2.2000000000000E+01   1.9000000000000E+01   2.0167600000000E+00   2.0295639925147E+00   0.0000000000000E+00   3.0000000000000E+00   2.0167600000000E+00   2.9620612616977E+00  -9.4530126169771E-01  -9.8580048290567E-03
   2.2000000000000E+01   2.1000000000000E+01   3.0437330000000E+00   2.8035352961947E+00   0.0000000000000E+00   3.0000000000000E+00   3.0437330000000E+00   3.7942199746214E+00  -7.5048697462136E-01   5.7436339079178E-01
   2.2000000000000E+01   2.4000000000000E+01   1.3278400000000E+00   1.5178828759097E+00   0.0000000000000E+00   3.0000000000000E+00   1.3278400000000E+00   3.1255900212178E+00  -1.7977500212178E+00  -2.0691779237836E+00
   2.2000000000000E+01   3.0000000000000E+01   2.4288100000000E-01   2.4913798811751E-01   0.0000000000000E+00   3.0000000000000E+00   2.4288100000000E-01   1.2907885617212E+00  -1.0479075617212E+00  -8.7557835732472E-01
   2.2000000000000E+01   3.6000000000000E+01   4.2336000000000E-02   4.0116391753368E-02   0.0000000000000E+00   3.0000000000000E+00   4.2336000000000E-02   4.5876288444184E-01  -4.1642688444184E-01   1.2717792055136E+00
   2.3000000000000E+01   0.0000000000000E+00   0.0000000000000E+00   0.0000000000000E+00   1.0000000000000E+00   1.0000000000000E+00   0.0000000000000E+00   0.0000000000000E+00   0.0000000000000E+00   0.0000000000000E+00
   2.3000000000000E+01   1.0000000000000E+00   1.5969500000000E-01   1.6166569028128E-01   0.0000000000000E+00   1.0000000000000E+00   1.5969500000000E-01   2.8663959122029E-01  -1.2694459122029E-01  -1.5173299064509E+00
   2.3000000000000E+01   3.0000000000000E+00   1.3375270000000E+00   1.3064141955056E+00   0.0000000000000E+00   1.0000000000000E+00   1.3375270000000E+00   1.7749232049351E+00  -4.3739620493510E-01   2.1901384797289E-01
   2.3000000000000E+01   5.0000000000000E+00   1.5231740000000E+00   1.7015477970117E+00   0.0000000000000E+00   1.0000000000000E+00   1.5231740000000E+00   1.9864255600780E+00  -4.6325156007798E-01  -8.2127974993853E-01
   2.3000000000000E+01   6.0000000000000E+00   0.0000000000000E+00   1.7209939673587E+00   1.0000000000000E+00   1.0000000000000E+00   0.0000000000000E+00   1.8701484683558E+00   0.0000000000000E+00   0.0000000000000E+00
   2.3000000000000E+01   7.0000000000000E+00   2.0085070000000E+00   1.8424517074890E+00   0.0000000000000E+00   1.0000000000000E+00   2.0085070000000E+00   1.9871585679871E+00   2.1348432012878E-02   4.3716405757411E-01
   2.3000000000000E+01   8.5000000000000E+00   2.8187450000000E+00   2.5443362235730E+00   0.0000000000000E+00   2.0000000000000E+00   2.8187450000000E+00   2.9601209843087E+00  -1.4137598430871E-01   6.1287547799869E-01
   2.3000000000000E+01   1.0000000000000E+01   2.6793600000000E+00   2.7791909090499E+00   0.0000000000000E+00   2.0000000000000E+00   2.6793600000000E+00   3.1366972622613E+00  -4.5733726226126E-01  -5.9399948944547E-01
   2.3000000000000E+01   1.1500000000000E+01   2.4549210000000E+00   2.6633086110472E+00   0.0000000000000E+00   2.0000000000000E+00   2.4549210000000E+00   2.8512649492655E+00  -3.9634394926551E-01  -1.0735093902310E+00
   2.3000000000000E+01   1.2000000000000E+01   0.0000000000000E+00   2.5849232333797E+00   1.0000000000000E+00   2.0000000000000E+00   0.0000000000000E+00   2.7139253888393E+00   0.0000000000000E+00   0.0000000000000E+00
   2.3000000000000E+01   1.3000000000000E+01   3.1325510000000E+00   2.9074685025184E+00   0.0000000000000E+00   2.0000000000000E+00   3.1325510000000E+00   2.7049987768664E+00   4.2755222313363E-01   9.8952729375476E-01
   2.3000000000000E+01   1.5000000000000E+01   3.7607560000000E+00   3.7102781921203E+00   0.0000000000000E+00   2.0000000000000E+00   3.7607560000000E+00   3.6139353044661E+00   1.4682069553386E-01   3.3489564146750E-01
   2.3000000000000E+01   1.7000000000000E+01   3.4196280000000E+00   3.3296866604046E+00   0.0000000000000E+00   2.0000000000000E+00   3.4196280000000E+00   3.3384333734948E+00   8.1194626505193E-02   4.3266637332970E-02
   2.3000000000000E+01   1.8000000000000E+01   0.0000000000000E+00   3.1893430490027E+00   1.0000000000000E+00   3.0000000000000E+00   0.0000000000000E+00   3.0203661062393E+00   0.0000000000000E+00   0.0000000000000E+00
   2.3000000000000E+01   1.9000000000000E+01   2.8073530000000E+00   3.0343257249328E+00   0.0000000000000E+00   3.0000000000000E+00   2.8073530000000E+00   2.9620612616977E+00  -1.5470826169771E-01  -4.7690750335277E-01
   2.3000000000000E+01   2.1000000000000E+01   3.1709200000000E+00   3.3215118343354E+00   0.0000000000000E+00   3.0000000000000E+00   3.1709200000000E+00   3.7942199746214E+00  -6.2329997462136E-01  -7.1973526527470E-01
   2.3000000000000E+01   2.4000000000000E+01   3.1994950000000E+00   3.5349876986705E+00   0.0000000000000E+00   3.0000000000000E+00   3.1994950000000E+00   3.1255900212178E+00   7.3904978782164E-02  -1.8339752932956E+00
   2.3000000000000E+01   3.0000000000000E+01   2.8934750000000E+00   2.7409943787220E+00   0.0000000000000E+00   3.0000000000000E+00   2.8934750000000E+00   1.2907885617212E+00   1.6026864382788E+00   1.0287375133895E+00
   2.3000000000000E+01   3.6000000000000E+01   1.9720150000000E+00   1.8219523667251E+00   0.0000000000000E+00   3.0000000000000E+00   1.9720150000000E+00   4.5876288444184E-01   1.5132521155582E+00   7.0916578672051E+00
   2.4000000000000E+01   0.0000000000000E+00   0.0000000000000E+00   0.0000000000000E+00   1.0000000000000E+00   1.0000000000000E+00   0.0000000000000E+00   0.0000000000000E+00   0.0000000000000E+00   0.0000000000000E+00
   2.4000000000000E+01   1.0000000000000E+00   2.6890500000000E-01   2.6578457252244E-01   0.0000000000000E+00   1.0000000000000E+00   2.6890500000000E-01   2.8663959122029E-01  -1.7734591220295E-02   2.0708361093105E-02
   2.4000000000000E+01   3.0000000000000E+00   1.8075660000000E+00   1.6951931489061E+00   0.0000000000000E+00   1.0000000000000E+00   1.8075660000000E+00   1.7749232049351E+00   3.2642795064900E-02   9.4347987224582E-01
   2.4000000000000E+01   5.0000000000000E+00   1.9493520000000E+00   1.8881012306894E+00   0.0000000000000E+00   1.0000000000000E+00   1.9493520000000E+00   1.9864255600780E+00  -3.7073560077982E-02   2.6433077117514E-01
   2.4000000000000E+01   6.0000000000000E+00   0.0000000000000E+00   1.7680638814418E+00   1.0000000000000E+00   1.0000000000000E+00   0.0000000000000E+00   1.8701484683558E+00   0.0000000000000E+00   0.0000000000000E+00
   2.4000000000000E+01   7.0000000000000E+00   1.7876330000000E+00   1.8631478141423E+00   0.0000000000000E+00   1.0000000000000E+00   1.7876330000000E+00   1.9871585679871E+00  -1.9952556798712E-01  -7.6849567795033E-01
   2.4000000000000E+01   8.5000000000000E+00   2.5359070000000E+00   2.8279561474699E+00   0.0000000000000E+00   2.0000000000000E+00   2.5359070000000E+00   2.9601209843087E+00  -4.2421398430871E-01  -1.1391761937897E+00
   2.4000000000000E+01   1.0000000000000E+01   3.1011400000000E+00   3.0293863855275E+00   0.0000000000000E+00   2.0000000000000E+00   3.1011400000000E+00   3.1366972622613E+00  -3.5557262261261E-02   8.2506893390261E-02
   2.4000000000000E+01   1.1500000000000E+01   2.6555240000000E+00   2.7706308616834E+00   0.0000000000000E+00   2.0000000000000E+00   2.6555240000000E+00   2.8512649492655E+00  -1.9574094926551E-01  -7.1357612256284E-01
   2.4000000000000E+01   1.2000000000000E+01   0.0000000000000E+00   2.6410995597056E+00   1.0000000000000E+00   2.0000000000000E+00   0.0000000000000E+00   2.7139253888393E+00   0.0000000000000E+00   0.0000000000000E+00
   2.4000000000000E+01   1.3000000000000E+01   2.5552400000000E+00   2.6537870021894E+00   0.0000000000000E+00   2.0000000000000E+00   2.5552400000000E+00   2.7049987768664E+00  -1.4975877686637E-01  -6.7149123930828E-01
   2.4000000000000E+01   1.5000000000000E+01   3.8463300000000E+00   3.5684216393165E+00   0.0000000000000E+00   2.0000000000000E+00   3.8463300000000E+00   3.6139353044661E+00   2.3239469553386E-01   6.9203383748521E-01
   2.4000000000000E+01   1.7000000000000E+01   3.3241500000000E+00   3.2875533138371E+00   0.0000000000000E+00   2.0000000000000E+00   3.3241500000000E+00   3.3384333734948E+00  -1.4283373494806E-02  -2.0098534470976E-01
   2.4000000000000E+01   1.8000000000000E+01   0.0000000000000E+00   3.1632499972348E+00   1.0000000000000E+00   3.0000000000000E+00   0.0000000000000E+00   3.0203661062393E+00   0.0000000000000E+00   0.0000000000000E+00
   2.4000000000000E+01   1.9000000000000E+01   3.0492640000000E+00   3.2449409973906E+00   0.0000000000000E+00   3.0000000000000E+00   3.0492640000000E+00   2.9620612616977E+00   8.7202738302290E-02  -8.6127044231851E-01
   2.4000000000000E+01   2.1000000000000E+01   4.5607360000000E+00   4.3740951728895E+00   0.0000000000000E+00   3.0000000000000E+00   4.5607360000000E+00   3.7942199746214E+00   7.6651602537864E-01   7.6404545198189E-01
   2.4000000000000E+01   2.4000000000000E+01   4.4357090000000E+00   4.0986971983808E+00   0.0000000000000E+00   3.0000000000000E+00   4.4357090000000E+00   3.1255900212178E+00   1.3101189787822E+00   1.4072702771794E+00
   2.4000000000000E+01   3.0000000000000E+01   2.3266730000000E+00   2.3205939852395E+00   0.0000000000000E+00   3.0000000000000E+00   2.3266730000000E+00   1.2907885617212E+00   1.0358844382788E+00   3.9726784805038E-01
   2.4000000000000E+01   3.6000000000000E+01   1.2067010000000E+00   1.1678390529974E+00   0.0000000000000E+00   3.0000000000000E+00   1.2067010000000E+00   4.5876288444184E-01   7.4793811555816E-01   2.1169303833121E+00
