TABLE NO.  1
 ID                    TIME                  DV                    IPRED                 MDV                   OCC                   DV                    PRED                  RES                   WRES
   1.0000000000000E+00   0.0000000000000E+00   0.0000000000000E+00   0.0000000000000E+00   1.0000000000000E+00   1.0000000000000E+00   0.0000000000000E+00   0.0000000000000E+00   0.0000000000000E+00   0.0000000000000E+00
   1.0000000000000E+00   1.0000000000000E+00   3.8499000000000E-02   3.7657643342217E-02   0.0000000000000E+00   1.0000000000000E+00   3.8499000000000E-02   1.0888239662135E-01  -7.0383396621346E-02   1.4635913109000E+00
   1.0000000000000E+00   3.0000000000000E+00   7.3793700000000E-01   8.0220964622534E-01   0.0000000000000E+00   1.0000000000000E+00   7.3793700000000E-01   1.3554755633722E+00  -6.1753856337218E-01  -9.7810159822339E-01
   1.0000000000000E+00   5.0000000000000E+00   1.8591180000000E+00   1.7011387797219E+00   0.0000000000000E+00   1.0000000000000E+00   1.8591180000000E+00   1.9033419812254E+00  -4.4223981225412E-02  -6.7902843031849E-02
   1.0000000000000E+00   6.0000000000000E+00   0.0000000000000E+00   1.8928428930824E+00   1.0000000000000E+00   1.0000000000000E+00   0.0000000000000E+00   1.8164052121156E+00   0.0000000000000E+00   0.0000000000000E+00
   1.0000000000000E+00   7.0000000000000E+00   1.9346610000000E+00   1.9524621326625E+00   0.0000000000000E+00   1.0000000000000E+00   1.9346610000000E+00   1.7396976232790E+00   1.9496337672098E-01   2.7804564655968E-02
   1.0000000000000E+00   8.5000000000000E+00   2.3211680000000E+00   2.2975230435659E+00   0.0000000000000E+00   2.0000000000000E+00   2.3211680000000E+00   2.3410641188341E+00  -1.9896118834074E-02   2.6348259499462E-01
   1.0000000000000E+00   1.0000000000000E+01   2.5276380000000E+00   2.8114402921012E+00   0.0000000000000E+00   2.0000000000000E+00   2.5276380000000E+00   2.8068203192643E+00  -2.7918231926435E-01  -1.3304651786676E+00
   1.0000000000000E+00   1.1500000000000E+01   3.2968680000000E+00   3.0342847706829E+00   0.0000000000000E+00   2.0000000000000E+00   3.2968680000000E+00   2.6687717139983E+00   6.2809628600174E-01   7.1513295769289E-01
   1.0000000000000E+00   1.2000000000000E+01   0.0000000000000E+00   3.0197309447756E+00   1.0000000000000E+00   2.0000000000000E+00   0.0000000000000E+00   2.5411176127075E+00   0.0000000000000E+00   0.0000000000000E+00
   1.0000000000000E+00   1.3000000000000E+01   3.2539490000000E+00   2.9992274153803E+00   0.0000000000000E+00   2.0000000000000E+00   3.2539490000000E+00   2.3483423643866E+00   9.0560663561344E-01   1.1471876722345E+00
   1.0000000000000E+00   1.5000000000000E+01   4.1138070000000E+00   3.9038668187007E+00   0.0000000000000E+00   2.0000000000000E+00   4.1138070000000E+00   2.9936923644907E+00   1.1201146355093E+00   1.1925550767188E+00
   1.0000000000000E+00   1.7000000000000E+01   3.3963350000000E+00   4.0140863064380E+00   0.0000000000000E+00   2.0000000000000E+00   3.3963350000000E+00   3.0674316772475E+00   3.2890332275254E-01  -1.1761558566033E+00
   1.0000000000000E+00   1.8000000000000E+01   0.0000000000000E+00   3.5808924296768E+00   1.0000000000000E+00   3.0000000000000E+00   0.0000000000000E+00   2.7945686834489E+00   0.0000000000000E+00   0.0000000000000E+00
   1.0000000000000E+00   1.9000000000000E+01   3.4231230000000E+00   3.2818898796357E+00   0.0000000000000E+00   3.0000000000000E+00   3.4231230000000E+00   2.5610338019822E+00   8.6208919801780E-01   1.0696926946838E+00
   1.0000000000000E+00   2.1000000000000E+01   4.2480590000000E+00   4.0882510400367E+00   0.0000000000000E+00   3.0000000000000E+00   4.2480590000000E+00   3.1434741159174E+00   1.1045848840826E+00   9.9297510554889E-01
   1.0000000000000E+00   2.4000000000000E+01   3.1985000000000E+00   3.1291140352108E+00   0.0000000000000E+00   3.0000000000000E+00   3.1985000000000E+00   2.8830844711124E+00   3.1541552888755E-01   3.9270849625826E-02
   1.0000000000000E+00   3.0000000000000E+01   9.6957400000000E-01   9.3467027883675E-01   0.0000000000000E+00   3.0000000000000E+00   9.6957400000000E-01   1.0975924620087E+00  -1.2801846200871E-01  -7.1612286851605E-01
   1.0000000000000E+00   3.6000000000000E+01   2.6035100000000E-01   2.6704513807378E-01   0.0000000000000E+00   3.0000000000000E+00   2.6035100000000E-01   3.8367617040294E-01  -1.2332517040294E-01  -1.1922966090221E+00
   2.0000000000000E+00   0.0000000000000E+00   0.0000000000000E+00   0.0000000000000E+00   1.0000000000000E+00   1.0000000000000E+00   0.0000000000000E+00   0.0000000000000E+00   0.0000000000000E+00   0.0000000000000E+00
   2.0000000000000E+00   1.0000000000000E+00   9.5332700000000E-01   9.4580996946888E-01   0.0000000000000E+00   1.0000000000000E+00   9.5332700000000E-01   1.0888239662135E-01   8.4444460337865E-01   2.2022880470054E+01
   2.0000000000000E+00   3.0000000000000E+00   3.0612940000000E+00   3.2902513565453E+00   0.0000000000000E+00   1.0000000000000E+00   3.0612940000000E+00   1.3554755633722E+00   1.7058184366278E+00  -9.1125711532910E-01
   2.0000000000000E+00   5.0000000000000E+00   2.4430470000000E+00   2.4122477545163E+00   0.0000000000000E+00   1.0000000000000E+00   2.4430470000000E+00   1.9033419812254E+00   5.3970501877459E-01  -1.3799403600770E+00
   2.0000000000000E+00   6.0000000000000E+00   0.0000000000000E+00   1.9521370923084E+00   1.0000000000000E+00   1.0000000000000E+00   0.0000000000000E+00   1.8164052121156E+00   0.0000000000000E+00   0.0000000000000E+00
   2.0000000000000E+00   7.0000000000000E+00   2.5852140000000E+00   2.5188873081848E+00   0.0000000000000E+00   1.0000000000000E+00   2.5852140000000E+00   1.7396976232790E+00   8.4551637672098E-01   3.0280980576467E+00
   2.0000000000000E+00   8.5000000000000E+00   4.9611190000000E+00   4.2668502839080E+00   0.0000000000000E+00   2.0000000000000E+00   4.9611190000000E+00   2.3410641188341E+00   2.6200548811659E+00   5.3848370376265E+00
   2.0000000000000E+00   1.0000000000000E+01   3.3301600000000E+00   3.5604599393942E+00   0.0000000000000E+00   2.0000000000000E+00   3.3301600000000E+00   2.8068203192643E+00   5.2333968073565E-01  -1.8642100815326E+00
   2.0000000000000E+00   1.1500000000000E+01   2.7158530000000E+00   2.5476401936083E+00   0.0000000000000E+00   2.0000000000000E+00   2.7158530000000E+00   2.6687717139983E+00   4.7081286001744E-02  -8.6859897448570E-01
   2.0000000000000E+00   1.2000000000000E+01   0.0000000000000E+00   2.2642751084263E+00   1.0000000000000E+00   2.0000000000000E+00   0.0000000000000E+00   2.5411176127075E+00   0.0000000000000E+00   0.0000000000000E+00
   2.0000000000000E+00   1.3000000000000E+01   1.5031900000000E+00   1.9055811168834E+00   0.0000000000000E+00   2.0000000000000E+00   1.5031900000000E+00   2.3483423643866E+00  -8.4515236438656E-01  -2.7248747684852E+00
   2.0000000000000E+00   1.5000000000000E+01   2.5834740000000E+00   2.7810437670704E+00   0.0000000000000E+00   2.0000000000000E+00   2.5834740000000E+00   2.9936923644907E+00  -4.1021836449066E-01  -6.8713489615317E-01
   2.0000000000000E+00   1.7000000000000E+01   3.7520110000000E+00   3.1495922566145E+00   0.0000000000000E+00   2.0000000000000E+00   3.7520110000000E+00   3.0674316772475E+00   6.8457932275254E-01   2.2038723822449E+00
   2.0000000000000E+00   1.8000000000000E+01   0.0000000000000E+00   2.9789396173322E+00   1.0000000000000E+00   3.0000000000000E+00   0.0000000000000E+00   2.7945686834489E+00   0.0000000000000E+00   0.0000000000000E+00
   2.0000000000000E+00   1.9000000000000E+01   2.9359740000000E+00   2.6868612794944E+00   0.0000000000000E+00   3.0000000000000E+00   2.9359740000000E+00   2.5610338019822E+00   3.7494019801780E-01   1.3213079160890E+00
   2.0000000000000E+00   2.1000000000000E+01   2.3344310000000E+00   2.7230027635242E+00   0.0000000000000E+00   3.0000000000000E+00   2.3344310000000E+00   3.1434741159174E+00  -8.0904311591744E-01  -1.8227660978475E+00
   2.0000000000000E+00   2.4000000000000E+01   3.3759590000000E+00   3.2023902800942E+00   0.0000000000000E+00   3.0000000000000E+00   3.3759590000000E+00   2.8830844711124E+00   4.9287452888755E-01   5.2268863236356E-01
   2.0000000000000E+00   3.0000000000000E+01   1.6513610000000E+00   1.6261511450677E+00   0.0000000000000E+00   3.0000000000000E+00   1.6513610000000E+00   1.0975924620087E+00   5.5376853799129E-01   1.0834096458442E+00
   2.0000000000000E+00   3.6000000000000E+01   5.2330000000000E-01   5.1414231464051E-01   0.0000000000000E+00   3.0000000000000E+00   5.2330000000000E-01   3.8367617040294E-01   1.3962382959706E-01  -1.6292132735600E+00
   3.0000000000000E+00   0.0000000000000E+00   0.0000000000000E+00   0.0000000000000E+00   1.0000000000000E+00   1.0000000000000E+00   0.0000000000000E+00   0.0000000000000E+00   0.0000000000000E+00   0.0000000000000E+00
   3.0000000000000E+00   1.0000000000000E+00   1.3550900000000E-01   1.4697927563489E-01   0.0000000000000E+00   1.0000000000000E+00   1.3550900000000E-01   1.0888239662135E-01   2.6626603378654E-02  -2.5086401615957E+00
   3.0000000000000E+00   3.0000000000000E+00   2.0377360000000E+00   1.8168661501506E+00   0.0000000000000E+00   1.0000000000000E+00   2.0377360000000E+00   1.3554755633722E+00   6.8226043662782E-01   6.4740690569554E-01
   3.0000000000000E+00   5.0000000000000E+00   2.5524280000000E+00   2.6119402323974E+00   0.0000000000000E+00   1.0000000000000E+00   2.5524280000000E+00   1.9033419812254E+00   6.4908601877459E-01   1.7560639928348E-01
   3.0000000000000E+00   6.0000000000000E+00   0.0000000000000E+00   2.5522878810342E+00   1.0000000000000E+00   1.0000000000000E+00   0.0000000000000E+00   1.8164052121156E+00   0.0000000000000E+00   0.0000000000000E+00
   3.0000000000000E+00   7.0000000000000E+00   2.4227090000000E+00   2.5090387246181E+00   0.0000000000000E+00   1.0000000000000E+00   2.4227090000000E+00   1.7396976232790E+00   6.8301137672098E-01   7.2529627442863E-02
   3.0000000000000E+00   8.5000000000000E+00   3.4816390000000E+00   3.3526092967947E+00   0.0000000000000E+00   2.0000000000000E+00   3.4816390000000E+00   2.3410641188341E+00   1.1405748811659E+00   4.2460918598810E-01
   3.0000000000000E+00   1.0000000000000E+01   4.5504360000000E+00   4.0045191321482E+00   0.0000000000000E+00   2.0000000000000E+00   4.5504360000000E+00   2.8068203192643E+00   1.7436156807357E+00   2.1215471141613E+00
   3.0000000000000E+00   1.1500000000000E+01   3.7199690000000E+00   3.8757214767962E+00   0.0000000000000E+00   2.0000000000000E+00   3.7199690000000E+00   2.6687717139983E+00   1.0511972860017E+00  -9.0605215583447E-02
   3.0000000000000E+00   1.2000000000000E+01   0.0000000000000E+00   3.7270444900751E+00   1.0000000000000E+00   2.0000000000000E+00   0.0000000000000E+00   2.5411176127075E+00   0.0000000000000E+00   0.0000000000000E+00
   3.0000000000000E+00   1.3000000000000E+01   3.2992980000000E+00   3.4628834240259E+00   0.0000000000000E+00   2.0000000000000E+00   3.2992980000000E+00   2.3483423643866E+00   9.5095563561344E-01  -2.6726235663474E-01
   3.0000000000000E+00   1.5000000000000E+01   3.9589960000000E+00   4.0836438016690E+00   0.0000000000000E+00   2.0000000000000E+00   3.9589960000000E+00   2.9936923644907E+00   9.6530363550934E-01  -2.9354160848128E-01
   3.0000000000000E+00   1.7000000000000E+01   4.7742710000000E+00   4.4028395903058E+00   0.0000000000000E+00   2.0000000000000E+00   4.7742710000000E+00   3.0674316772475E+00   1.7068393227525E+00   1.3308086624135E+00
   3.0000000000000E+00   1.8000000000000E+01   0.0000000000000E+00   4.3186515220469E+00   1.0000000000000E+00   3.0000000000000E+00   0.0000000000000E+00   2.7945686834489E+00   0.0000000000000E+00   0.0000000000000E+00
   3.0000000000000E+00   1.9000000000000E+01   3.6772270000000E+00   4.2037492202647E+00   0.0000000000000E+00   3.0000000000000E+00   3.6772270000000E+00   2.5610338019822E+00   1.1161931980178E+00  -1.7708438102804E+00
   3.0000000000000E+00   2.1000000000000E+01   5.2092600000000E+00   5.1424136828960E+00   0.0000000000000E+00   3.0000000000000E+00   5.2092600000000E+00   3.1434741159174E+00   2.0657858840826E+00   9.4172194393830E-01
   3.0000000000000E+00   2.4000000000000E+01   5.7522540000000E+00   5.2261778496046E+00   0.0000000000000E+00   3.0000000000000E+00   5.7522540000000E+00   2.8830844711124E+00   2.8691695288876E+00   2.3933635611564E+00
   3.0000000000000E+00   3.0000000000000E+01   2.9887120000000E+00   2.9189101672207E+00   0.0000000000000E+00   3.0000000000000E+00   2.9887120000000E+00   1.0975924620087E+00   1.8911195379913E+00   5.6607465156126E-01
   3.0000000000000E+00   3.6000000000000E+01   1.5496230000000E+00   1.5301580550643E+00   0.0000000000000E+00   3.0000000000000E+00   1.5496230000000E+00   3.8367617040294E-01   1.1659468295971E+00   2.1185539462613E+00
   4.0000000000000E+00   0.0000000000000E+00   0.0000000000000E+00   0.0000000000000E+00   1.0000000000000E+00   1.0000000000000E+00   0.0000000000000E+00   0.0000000000000E+00   0.0000000000000E+00   0.0000000000000E+00
   4.0000000000000E+00   1.0000000000000E+00   2.9187300000000E-01   2.8221173668122E-01   0.0000000000000E+00   1.0000000000000E+00   2.9187300000000E-01   1.0888239662135E-01   1.8299060337865E-01   4.0335385607805E+00
   4.0000000000000E+00   3.0000000000000E+00   1.7528200000000E+00   1.8706779631932E+00   0.0000000000000E+00   1.0000000000000E+00   1.7528200000000E+00   1.3554755633722E+00   3.9734443662782E-01   5.8472752411074E-02
   4.0000000000000E+00   5.0000000000000E+00   1.6571190000000E+00   1.7102225086776E+00   0.0000000000000E+00   1.0000000000000E+00   1.6571190000000E+00   1.9033419812254E+00  -2.4622298122541E-01  -1.0585113658364E+00
   4.0000000000000E+00   6.0000000000000E+00   0.0000000000000E+00   1.4120773261339E+00   1.0000000000000E+00   1.0000000000000E+00   0.0000000000000E+00   1.8164052121156E+00   0.0000000000000E+00   0.0000000000000E+00
   4.0000000000000E+00   7.0000000000000E+00   1.4433060000000E+00   1.4162798895839E+00   0.0000000000000E+00   1.0000000000000E+00   1.4433060000000E+00   1.7396976232790E+00  -2.9639162327902E-01  -2.2246538542312E-01
   4.0000000000000E+00   8.5000000000000E+00   2.5291760000000E+00   2.5021753934343E+00   0.0000000000000E+00   2.0000000000000E+00   2.5291760000000E+00   2.3410641188341E+00   1.8811188116593E-01   7.4430063656566E-01
   4.0000000000000E+00   1.0000000000000E+01   2.7865080000000E+00   2.6322048189739E+00   0.0000000000000E+00   2.0000000000000E+00   2.7865080000000E+00   2.8068203192643E+00  -2.0312319264348E-02   3.4545625757370E-01
   4.0000000000000E+00   1.1500000000000E+01   2.1506470000000E+00   2.1287234810278E+00   0.0000000000000E+00   2.0000000000000E+00   2.1506470000000E+00   2.6687717139983E+00  -5.1812471399826E-01  -5.4999110014241E-01
   4.0000000000000E+00   1.2000000000000E+01   0.0000000000000E+00   1.9403783461700E+00   1.0000000000000E+00   2.0000000000000E+00   0.0000000000000E+00   2.5411176127075E+00   0.0000000000000E+00   0.0000000000000E+00
   4.0000000000000E+00   1.3000000000000E+01   1.5928710000000E+00   1.6870212143985E+00   0.0000000000000E+00   2.0000000000000E+00   1.5928710000000E+00   2.3483423643866E+00  -7.5547136438656E-01  -1.0284544160811E+00
   4.0000000000000E+00   1.5000000000000E+01   2.3709990000000E+00   2.3007419931796E+00   0.0000000000000E+00   2.0000000000000E+00   2.3709990000000E+00   2.9936923644907E+00  -6.2269336449066E-01  -1.5676639903692E-01
   4.0000000000000E+00   1.7000000000000E+01   2.4736250000000E+00   2.4755580676043E+00   0.0000000000000E+00   2.0000000000000E+00   2.4736250000000E+00   3.0674316772475E+00  -5.9380667724746E-01  -1.6121825423474E-01
   4.0000000000000E+00   1.8000000000000E+01   0.0000000000000E+00   2.2803905443730E+00   1.0000000000000E+00   3.0000000000000E+00   0.0000000000000E+00   2.7945686834489E+00   0.0000000000000E+00   0.0000000000000E+00
   4.0000000000000E+00   1.9000000000000E+01   2.1703280000000E+00   2.0661432728590E+00   0.0000000000000E+00   3.0000000000000E+00   2.1703280000000E+00   2.5610338019822E+00  -3.9070580198220E-01   2.5176608981607E-01
   4.0000000000000E+00   2.1000000000000E+01   2.4558660000000E+00   2.4717381261263E+00   0.0000000000000E+00   3.0000000000000E+00   2.4558660000000E+00   3.1434741159174E+00  -6.8760811591744E-01  -5.3244238956948E-01
   4.0000000000000E+00   2.4000000000000E+01   2.5600520000000E+00   2.5285181647500E+00   0.0000000000000E+00   3.0000000000000E+00   2.5600520000000E+00   2.8830844711124E+00  -3.2303247111245E-01   1.0501597009624E-01
   4.0000000000000E+00   3.0000000000000E+01   1.0186260000000E+00   9.4507295410472E-01   0.0000000000000E+00   3.0000000000000E+00   1.0186260000000E+00   1.0975924620087E+00  -7.8966462008708E-02   5.1542520520401E-01
   4.0000000000000E+00   3.6000000000000E+01   2.8059100000000E-01   2.9042495867596E-01   0.0000000000000E+00   3.0000000000000E+00   2.8059100000000E-01   3.8367617040294E-01  -1.0308517040294E-01  -6.9839620887980E-01
   5.0000000000000E+00   0.0000000000000E+00   0.0000000000000E+00   0.0000000000000E+00   1.0000000000000E+00   1.0000000000000E+00   0.0000000000000E+00   0.0000000000000E+00   0.0000000000000E+00   0.0000000000000E+00
   5.0000000000000E+00   1.0000000000000E+00   1.6174800000000E-01   1.5429570195564E-01   0.0000000000000E+00   1.0000000000000E+00   1.6174800000000E-01   1.0888239662135E-01   5.2865603378654E-02   1.4809392317350E+00
   5.0000000000000E+00   3.0000000000000E+00   1.4093580000000E+00   1.5595524346529E+00   0.0000000000000E+00   1.0000000000000E+00   1.4093580000000E+00   1.3554755633722E+00   5.3882436627822E-02  -3.1623833087170E-01
   5.0000000000000E+00   5.0000000000000E+00   2.0756340000000E+00   2.0023676367777E+00   0.0000000000000E+00   1.0000000000000E+00   2.0756340000000E+00   1.9033419812254E+00   1.7229201877459E-01   2.0937015441311E-01
   5.0000000000000E+00   6.0000000000000E+00   0.0000000000000E+00   1.9087182369258E+00   1.0000000000000E+00   1.0000000000000E+00   0.0000000000000E+00   1.8164052121156E+00   0.0000000000000E+00   0.0000000000000E+00
   5.0000000000000E+00   7.0000000000000E+00   1.9963780000000E+00   1.9049419713786E+00   0.0000000000000E+00   1.0000000000000E+00   1.9963780000000E+00   1.7396976232790E+00   2.5668037672098E-01   2.7670894926184E-01
   5.0000000000000E+00   8.5000000000000E+00   2.8923360000000E+00   2.7252505502834E+00   0.0000000000000E+00   2.0000000000000E+00   2.8923360000000E+00   2.3410641188341E+00   5.5127188116593E-01   1.0559886369027E+00
   5.0000000000000E+00   1.0000000000000E+01   3.0668120000000E+00   3.1829502345612E+00   0.0000000000000E+00   2.0000000000000E+00   3.0668120000000E+00   2.8068203192643E+00   2.5999168073565E-01  -2.8808089402418E-01
   5.0000000000000E+00   1.1500000000000E+01   2.7745640000000E+00   3.0150303824740E+00   0.0000000000000E+00   2.0000000000000E+00   2.7745640000000E+00   2.6687717139983E+00   1.0579228600174E-01  -9.9620189447383E-01
   5.0000000000000E+00   1.2000000000000E+01   0.0000000000000E+00   2.8945184213167E+00   1.0000000000000E+00   2.0000000000000E+00   0.0000000000000E+00   2.5411176127075E+00   0.0000000000000E+00   0.0000000000000E+00
   5.0000000000000E+00   1.3000000000000E+01   2.9038250000000E+00   2.7312839611009E+00   0.0000000000000E+00   2.0000000000000E+00   2.9038250000000E+00   2.3483423643866E+00   5.5548263561344E-01   6.0276256657533E-01
   5.0000000000000E+00   1.5000000000000E+01   3.2514940000000E+00   3.4223849376727E+00   0.0000000000000E+00   2.0000000000000E+00   3.2514940000000E+00   2.9936923644907E+00   2.5780163550934E-01  -4.9123773434244E-01
   5.0000000000000E+00   1.7000000000000E+01   3.9911050000000E+00   3.5933162466628E+00   0.0000000000000E+00   2.0000000000000E+00   3.9911050000000E+00   3.0674316772475E+00   9.2367332275254E-01   1.3390669486305E+00
   5.0000000000000E+00   1.8000000000000E+01   0.0000000000000E+00   3.3491454026649E+00   1.0000000000000E+00   3.0000000000000E+00   0.0000000000000E+00   2.7945686834489E+00   0.0000000000000E+00   0.0000000000000E+00
   5.0000000000000E+00   1.9000000000000E+01   3.1151250000000E+00   3.1509300183846E+00   0.0000000000000E+00   3.0000000000000E+00   3.1151250000000E+00   2.5610338019822E+00   5.5409119801780E-01  -1.5294621610832E-02
   5.0000000000000E+00   2.1000000000000E+01   3.8089460000000E+00   3.7616433114668E+00   0.0000000000000E+00   3.0000000000000E+00   3.8089460000000E+00   3.1434741159174E+00   6.6547188408257E-01   2.6830292975436E-01
   5.0000000000000E+00   2.4000000000000E+01   3.5229650000000E+00   3.4900371569904E+00   0.0000000000000E+00   3.0000000000000E+00   3.5229650000000E+00   2.8830844711124E+00   6.3988052888755E-01   1.4688317555268E-01
   5.0000000000000E+00   3.0000000000000E+01   1.5244370000000E+00   1.6992037824469E+00   0.0000000000000E+00   3.0000000000000E+00   1.5244370000000E+00   1.0975924620087E+00   4.2684453799129E-01  -7.5020164746344E-01
   5.0000000000000E+00   3.6000000000000E+01   8.4414000000000E-01   7.9037740468745E-01   0.0000000000000E+00   3.0000000000000E+00   8.4414000000000E-01   3.8367617040294E-01   4.6046382959706E-01   2.0570624181843E+00
   6.0000000000000E+00   0.0000000000000E+00   0.0000000000000E+00   0.0000000000000E+00   1.0000000000000E+00   1.0000000000000E+00   0.0000000000000E+00   0.0000000000000E+00   0.0000000000000E+00   0.0000000000000E+00
   6.0000000000000E+00   1.0000000000000E+00   6.4670000000000E-02   6.5194872853666E-02   0.0000000000000E+00   1.0000000000000E+00   6.4670000000000E-02   1.0888239662135E-01  -4.4212396621346E-02  -1.9327404655690E-01
   6.0000000000000E+00   3.0000000000000E+00   9.6803300000000E-01   9.6637341495874E-01   0.0000000000000E+00   1.0000000000000E+00   9.6803300000000E-01   1.3554755633722E+00  -3.8744256337218E-01  -5.6741977439754E-01
   6.0000000000000E+00   5.0000000000000E+00   1.4506400000000E+00   1.5204318444719E+00   0.0000000000000E+00   1.0000000000000E+00   1.4506400000000E+00   1.9033419812254E+00  -4.5270198122541E-01  -8.9871266310428E-01
   6.0000000000000E+00   6.0000000000000E+00   0.0000000000000E+00   1.4981360195975E+00   1.0000000000000E+00   1.0000000000000E+00   0.0000000000000E+00   1.8164052121156E+00   0.0000000000000E+00   0.0000000000000E+00
   6.0000000000000E+00   7.0000000000000E+00   1.2985670000000E+00   1.4328983773178E+00   0.0000000000000E+00   1.0000000000000E+00   1.2985670000000E+00   1.7396976232790E+00  -4.4113062327902E-01  -1.1693364859504E+00
   6.0000000000000E+00   8.5000000000000E+00   1.9409150000000E+00   1.9261131040690E+00   0.0000000000000E+00   2.0000000000000E+00   1.9409150000000E+00   2.3410641188341E+00  -4.0014911883407E-01  -4.3087757800846E-01
   6.0000000000000E+00   1.0000000000000E+01   2.8365080000000E+00   2.4485210832886E+00   0.0000000000000E+00   2.0000000000000E+00   2.8365080000000E+00   2.8068203192643E+00   2.9687680735652E-02   9.3442027120623E-01
   6.0000000000000E+00   1.1500000000000E+01   2.6125270000000E+00   2.5243960844027E+00   0.0000000000000E+00   2.0000000000000E+00   2.6125270000000E+00   2.6687717139983E+00  -5.6244713998256E-02   1.4027290582909E-01
   6.0000000000000E+00   1.2000000000000E+01   0.0000000000000E+00   2.4665256082544E+00   1.0000000000000E+00   2.0000000000000E+00   0.0000000000000E+00   2.5411176127075E+00   0.0000000000000E+00   0.0000000000000E+00
   6.0000000000000E+00   1.3000000000000E+01   2.4096010000000E+00   2.3672785561453E+00   0.0000000000000E+00   2.0000000000000E+00   2.4096010000000E+00   2.3483423643866E+00   6.1258635613441E-02   1.9614505838780E-01
   6.0000000000000E+00   1.5000000000000E+01   2.9749800000000E+00   2.9796919581962E+00   0.0000000000000E+00   2.0000000000000E+00   2.9749800000000E+00   2.9936923644907E+00  -1.8712364490659E-02  -4.3725199097833E-02
   6.0000000000000E+00   1.7000000000000E+01   3.1098630000000E+00   3.1385624407398E+00   0.0000000000000E+00   2.0000000000000E+00   3.1098630000000E+00   3.0674316772475E+00   4.2431322752536E-02   8.0828645472775E-02
   6.0000000000000E+00   1.8000000000000E+01   0.0000000000000E+00   2.8367115296051E+00   1.0000000000000E+00   3.0000000000000E+00   0.0000000000000E+00   2.7945686834489E+00   0.0000000000000E+00   0.0000000000000E+00
   6.0000000000000E+00   1.9000000000000E+01   2.5897320000000E+00   2.5642662333205E+00   0.0000000000000E+00   3.0000000000000E+00   2.5897320000000E+00   2.5610338019822E+00   2.8698198017797E-02   2.1793613490262E-01
   6.0000000000000E+00   2.1000000000000E+01   2.9682430000000E+00   2.9282034298714E+00   0.0000000000000E+00   3.0000000000000E+00   2.9682430000000E+00   3.1434741159174E+00  -1.7523111591743E-01  -7.0105571177431E-02
   6.0000000000000E+00   2.4000000000000E+01   2.5189410000000E+00   2.6477797813186E+00   0.0000000000000E+00   3.0000000000000E+00   2.5189410000000E+00   2.8830844711124E+00  -3.6414347111245E-01  -5.4735766180384E-01
   6.0000000000000E+00   3.0000000000000E+01   1.0157560000000E+00   9.9221049003798E-01   0.0000000000000E+00   3.0000000000000E+00   1.0157560000000E+00   1.0975924620087E+00  -8.1836462008708E-02   1.1933496220719E-01
   6.0000000000000E+00   3.6000000000000E+01   3.4084700000000E-01   3.3697775082922E-01   0.0000000000000E+00   3.0000000000000E+00   3.4084700000000E-01   3.8367617040294E-01  -4.2829170402940E-02  -6.7754460844468E-02
   7.0000000000000E+00   0.0000000000000E+00   0.0000000000000E+00   0.0000000000000E+00   1.0000000000000E+00   1.0000000000000E+00   0.0000000000000E+00   0.0000000000000E+00   0.0000000000000E+00   0.0000000000000E+00
   7.0000000000000E+00   1.0000000000000E+00   1.7661400000000E-01   1.6974835509643E-01   0.0000000000000E+00   1.0000000000000E+00   1.7661400000000E-01   1.0888239662135E-01   6.7731603378654E-02   1.4953465774313E+00
   7.0000000000000E+00   3.0000000000000E+00   1.5759620000000E+00   1.5615807515887E+00   0.0000000000000E+00   1.0000000000000E+00   1.5759620000000E+00   1.3554755633722E+00   2.2048643662782E-01   9.2723307506166E-01
   7.0000000000000E+00   5.0000000000000E+00   1.7603100000000E+00   1.9178315271478E+00   0.0000000000000E+00   1.0000000000000E+00   1.7603100000000E+00   1.9033419812254E+00  -1.4303198122541E-01  -9.6051070138455E-01
   7.0000000000000E+00   6.0000000000000E+00   0.0000000000000E+00   1.8171387054214E+00   1.0000000000000E+00   1.0000000000000E+00   0.0000000000000E+00   1.8164052121156E+00   0.0000000000000E+00   0.0000000000000E+00
   7.0000000000000E+00   7.0000000000000E+00   2.0497040000000E+00   1.8379260923289E+00   0.0000000000000E+00   1.0000000000000E+00   2.0497040000000E+00   1.7396976232790E+00   3.1000637672098E-01   1.0176759153000E+00
   7.0000000000000E+00   8.5000000000000E+00   2.5043200000000E+00   2.6768489315807E+00   0.0000000000000E+00   2.0000000000000E+00   2.5043200000000E+00   2.3410641188341E+00   1.6325588116593E-01  -2.7206614970172E-01
   7.0000000000000E+00   1.0000000000000E+01   2.8949940000000E+00   3.0632274117845E+00   0.0000000000000E+00   2.0000000000000E+00   2.8949940000000E+00   2.8068203192643E+00   8.8173680735652E-02  -4.9377098440588E-01
   7.0000000000000E+00   1.1500000000000E+01   3.1161360000000E+00   2.8595951371828E+00   0.0000000000000E+00   2.0000000000000E+00   3.1161360000000E+00   2.6687717139983E+00   4.4736428600174E-01   7.4267994178297E-01
   7.0000000000000E+00   1.2000000000000E+01   0.0000000000000E+00   2.7393330231585E+00   1.0000000000000E+00   2.0000000000000E+00   0.0000000000000E+00   2.5411176127075E+00   0.0000000000000E+00   0.0000000000000E+00
   7.0000000000000E+00   1.3000000000000E+01   2.6273860000000E+00   2.6353533842359E+00   0.0000000000000E+00   2.0000000000000E+00   2.6273860000000E+00   2.3483423643866E+00   2.7904363561344E-01  -1.6123922916521E-01
   7.0000000000000E+00   1.5000000000000E+01   3.7343380000000E+00   3.4897816586177E+00   0.0000000000000E+00   2.0000000000000E+00   3.7343380000000E+00   2.9936923644907E+00   7.4064563550934E-01   9.0092886917781E-01
   7.0000000000000E+00   1.7000000000000E+01   3.2835280000000E+00   3.4728413287339E+00   0.0000000000000E+00   2.0000000000000E+00   3.2835280000000E+00   3.0674316772475E+00   2.1609632275254E-01  -5.9984882106724E-01
   7.0000000000000E+00   1.8000000000000E+01   0.0000000000000E+00   3.2231329582928E+00   1.0000000000000E+00   3.0000000000000E+00   0.0000000000000E+00   2.7945686834489E+00   0.0000000000000E+00   0.0000000000000E+00
   7.0000000000000E+00   1.9000000000000E+01   3.1585560000000E+00   3.0143093270904E+00   0.0000000000000E+00   3.0000000000000E+00   3.1585560000000E+00   2.5610338019822E+00   5.9752219801780E-01   5.4340323159714E-01
   7.0000000000000E+00   2.1000000000000E+01   3.4667190000000E+00   3.5002694516836E+00   0.0000000000000E+00   3.0000000000000E+00   3.4667190000000E+00   3.1434741159174E+00   3.2324488408256E-01  -1.5495158325880E-01
   7.0000000000000E+00   2.4000000000000E+01   3.4321500000000E+00   3.5227269113890E+00   0.0000000000000E+00   3.0000000000000E+00   3.4321500000000E+00   2.8830844711124E+00   5.4906552888755E-01  -2.4176652611316E-01
   7.0000000000000E+00   3.0000000000000E+01   1.8082670000000E+00   1.9693216283054E+00   0.0000000000000E+00   3.0000000000000E+00   1.8082670000000E+00   1.0975924620087E+00   7.1067453799129E-01  -4.2910159975035E-01
   7.0000000000000E+00   3.6000000000000E+01   1.1065630000000E+00   1.0316600554307E+00   0.0000000000000E+00   3.0000000000000E+00   1.1065630000000E+00   3.8367617040294E-01   7.2288682959706E-01   3.3007696042583E+00
   8.0000000000000E+00   0.0000000000000E+00   0.0000000000000E+00   0.0000000000000E+00   1.0000000000000E+00   1.0000000000000E+00   0.0000000000000E+00   0.0000000000000E+00   0.0000000000000E+00   0.0000000000000E+00
   8.0000000000000E+00   1.0000000000000E+00   2.3598400000000E-01   2.3095879436542E-01   0.0000000000000E+00   1.0000000000000E+00   2.3598400000000E-01   1.0888239662135E-01   1.2710160337865E-01   2.1814470479698E+00
   8.0000000000000E+00   3.0000000000000E+00   1.6423750000000E+00   1.6791753146990E+00   0.0000000000000E+00   1.0000000000000E+00   1.6423750000000E+00   1.3554755633722E+00   2.8689943662782E-01   4.8463531516404E-01
   8.0000000000000E+00   5.0000000000000E+00   1.3823360000000E+00   1.2792408941072E+00   0.0000000000000E+00   1.0000000000000E+00   1.3823360000000E+00   1.9033419812254E+00  -5.2100598122541E-01  -1.1225654032000E+00
   8.0000000000000E+00   6.0000000000000E+00   0.0000000000000E+00   8.7232748308639E-01   1.0000000000000E+00   1.0000000000000E+00   0.0000000000000E+00   1.8164052121156E+00   0.0000000000000E+00   0.0000000000000E+00
   8.0000000000000E+00   7.0000000000000E+00   6.7842900000000E-01   7.8012648092576E-01   0.0000000000000E+00   1.0000000000000E+00   6.7842900000000E-01   1.7396976232790E+00  -1.0612686232790E+00  -2.5167453302045E+00
   8.0000000000000E+00   8.5000000000000E+00   2.1231400000000E+00   2.0399768611928E+00   0.0000000000000E+00   2.0000000000000E+00   2.1231400000000E+00   2.3410641188341E+00  -2.1792411883407E-01   6.2198542032912E-01
   8.0000000000000E+00   1.0000000000000E+01   2.1306190000000E+00   2.3899809972301E+00   0.0000000000000E+00   2.0000000000000E+00   2.1306190000000E+00   2.8068203192643E+00  -6.7620131926435E-01  -7.2838728165926E-01
   8.0000000000000E+00   1.1500000000000E+01   1.9993970000000E+00   1.8310510315974E+00   0.0000000000000E+00   2.0000000000000E+00   1.9993970000000E+00   2.6687717139983E+00  -6.6937471399826E-01   1.8952830615627E-02
   8.0000000000000E+00   1.2000000000000E+01   0.0000000000000E+00   1.5994717986957E+00   1.0000000000000E+00   2.0000000000000E+00   0.0000000000000E+00   2.5411176127075E+00   0.0000000000000E+00   0.0000000000000E+00
   8.0000000000000E+00   1.3000000000000E+01   1.2592880000000E+00   1.4479380203912E+00   0.0000000000000E+00   2.0000000000000E+00   1.2592880000000E+00   2.3483423643866E+00  -1.0890543643866E+00  -1.5598450035524E+00
   8.0000000000000E+00   1.5000000000000E+01   3.0532820000000E+00   2.7016114478956E+00   0.0000000000000E+00   2.0000000000000E+00   3.0532820000000E+00   2.9936923644907E+00   5.9589635509341E-02   1.4857508204036E+00
   8.0000000000000E+00   1.7000000000000E+01   2.2479380000000E+00   2.1794079978265E+00   0.0000000000000E+00   2.0000000000000E+00   2.2479380000000E+00   3.0674316772475E+00  -8.1949367724746E-01  -3.8228445594295E-01
   8.0000000000000E+00   1.8000000000000E+01   0.0000000000000E+00   1.7352166967724E+00   1.0000000000000E+00   3.0000000000000E+00   0.0000000000000E+00   2.7945686834489E+00   0.0000000000000E+00   0.0000000000000E+00
   8.0000000000000E+00   1.9000000000000E+01   1.4244110000000E+00   1.4419963352061E+00   0.0000000000000E+00   3.0000000000000E+00   1.4244110000000E+00   2.5610338019822E+00  -1.1366228019822E+00  -1.0226327090613E+00
   8.0000000000000E+00   2.1000000000000E+01   2.4236600000000E+00   2.3079736974606E+00   0.0000000000000E+00   3.0000000000000E+00   2.4236600000000E+00   3.1434741159174E+00  -7.1981411591744E-01   1.4814308468610E-01
   8.0000000000000E+00   2.4000000000000E+01   2.1567390000000E+00   2.1445925646734E+00   0.0000000000000E+00   3.0000000000000E+00   2.1567390000000E+00   2.8830844711124E+00  -7.2634547111245E-01   4.5720537609694E-01
   8.0000000000000E+00   3.0000000000000E+01   4.3737400000000E-01   4.0555008029085E-01   0.0000000000000E+00   3.0000000000000E+00   4.3737400000000E-01   1.0975924620087E+00  -6.6021846200871E-01  -3.8957286930435E-01
   8.0000000000000E+00   3.6000000000000E+01   5.7432000000000E-02   5.8885102348783E-02   0.0000000000000E+00   3.0000000000000E+00   5.7432000000000E-02   3.8367617040294E-01  -3.2624417040294E-01  -4.2189767458487E-01
   9.0000000000000E+00   0.0000000000000E+00   0.0000000000000E+00   0.0000000000000E+00   1.0000000000000E+00   1.0000000000000E+00   0.0000000000000E+00   0.0000000000000E+00   0.0000000000000E+00   0.0000000000000E+00
   9.0000000000000E+00   1.0000000000000E+00   1.2648000000000E-01   1.1650204292234E-01   0.0000000000000E+00   1.0000000000000E+00   1.2648000000000E-01   1.0888239662135E-01   1.7597603378654E-02   1.7181808863582E+00
   9.0000000000000E+00   3.0000000000000E+00   1.1222660000000E+00   1.3579154295022E+00   0.0000000000000E+00   1.0000000000000E+00   1.1222660000000E+00   1.3554755633722E+00  -2.3320956337218E-01  -6.9433901530264E-01
   9.0000000000000E+00   5.0000000000000E+00   1.8342470000000E+00   1.8552025106631E+00   0.0000000000000E+00   1.0000000000000E+00   1.8342470000000E+00   1.9033419812254E+00  -6.9094981225412E-02   2.6942893315842E-01
   9.0000000000000E+00   6.0000000000000E+00   0.0000000000000E+00   1.7725120631552E+00   1.0000000000000E+00   1.0000000000000E+00   0.0000000000000E+00   1.8164052121156E+00   0.0000000000000E+00   0.0000000000000E+00
   9.0000000000000E+00   7.0000000000000E+00   2.0137010000000E+00   1.7229972035240E+00   0.0000000000000E+00   1.0000000000000E+00   2.0137010000000E+00   1.7396976232790E+00   2.7400337672098E-01   1.9750548793926E+00
   9.0000000000000E+00   8.5000000000000E+00   1.9665130000000E+00   2.0765104301350E+00   0.0000000000000E+00   2.0000000000000E+00   1.9665130000000E+00   2.3410641188341E+00  -3.7455111883407E-01  -2.4809478591940E-01
   9.0000000000000E+00   1.0000000000000E+01   2.0996740000000E+00   2.2390994206368E+00   0.0000000000000E+00   2.0000000000000E+00   2.0996740000000E+00   2.8068203192643E+00  -7.0714631926435E-01  -7.3044057576774E-01
   9.0000000000000E+00   1.1500000000000E+01   2.1764590000000E+00   1.8917586858114E+00   0.0000000000000E+00   2.0000000000000E+00   2.1764590000000E+00   2.6687717139983E+00  -4.9231271399826E-01   4.2419780411964E-01
   9.0000000000000E+00   1.2000000000000E+01   0.0000000000000E+00   1.7282265232808E+00   1.0000000000000E+00   2.0000000000000E+00   0.0000000000000E+00   2.5411176127075E+00   0.0000000000000E+00   0.0000000000000E+00
   9.0000000000000E+00   1.3000000000000E+01   1.3439920000000E+00   1.5653309944255E+00   0.0000000000000E+00   2.0000000000000E+00   1.3439920000000E+00   2.3483423643866E+00  -1.0043503643866E+00  -1.4618960426247E+00
   9.0000000000000E+00   1.5000000000000E+01   2.4575760000000E+00   2.2763908692837E+00   0.0000000000000E+00   2.0000000000000E+00   2.4575760000000E+00   2.9936923644907E+00  -5.3611636449066E-01   4.1256316504685E-01
   9.0000000000000E+00   1.7000000000000E+01   1.8201550000000E+00   1.9667729327963E+00   0.0000000000000E+00   2.0000000000000E+00   1.8201550000000E+00   3.0674316772475E+00  -1.2472766772475E+00  -1.2196276765227E+00
   9.0000000000000E+00   1.8000000000000E+01   0.0000000000000E+00   1.7751337826061E+00   1.0000000000000E+00   3.0000000000000E+00   0.0000000000000E+00   2.7945686834489E+00   0.0000000000000E+00   0.0000000000000E+00
   9.0000000000000E+00   1.9000000000000E+01   1.6470040000000E+00   1.5874481626444E+00   0.0000000000000E+00   3.0000000000000E+00   1.6470040000000E+00   2.5610338019822E+00  -9.1402980198220E-01  -4.1771984064590E-01
   9.0000000000000E+00   2.1000000000000E+01   1.7235990000000E+00   1.9120245494137E+00   0.0000000000000E+00   3.0000000000000E+00   1.7235990000000E+00   3.1434741159174E+00  -1.4198751159174E+00  -1.2929005202686E+00
   9.0000000000000E+00   2.4000000000000E+01   2.4554190000000E+00   2.2788344288750E+00   0.0000000000000E+00   3.0000000000000E+00   2.4554190000000E+00   2.8830844711124E+00  -4.2766547111245E-01   3.0937180239093E-01
   9.0000000000000E+00   3.0000000000000E+01   9.9239000000000E-01   1.0983798365864E+00   0.0000000000000E+00   3.0000000000000E+00   9.9239000000000E-01   1.0975924620087E+00  -1.0520246200871E-01   9.0609019600156E-02
   9.0000000000000E+00   3.6000000000000E+01   4.3742900000000E-01   4.0965327309887E-01   0.0000000000000E+00   3.0000000000000E+00   4.3742900000000E-01   3.8367617040294E-01   5.3752829597060E-02   1.2373065067591E+00
   1.0000000000000E+01   0.0000000000000E+00   0.0000000000000E+00   0.0000000000000E+00   1.0000000000000E+00   1.0000000000000E+00   0.0000000000000E+00   0.0000000000000E+00   0.0000000000000E+00   0.0000000000000E+00
   1.0000000000000E+01   1.0000000000000E+00   1.2370000000000E-02   1.1697806760518E-02   0.0000000000000E+00   1.0000000000000E+00   1.2370000000000E-02   1.0888239662135E-01  -9.6512396621346E-02   9.6265810625401E-01
   1.0000000000000E+01   3.0000000000000E+00   2.8611200000000E-01   2.8917708834341E-01   0.0000000000000E+00   1.0000000000000E+00   2.8611200000000E-01   1.3554755633722E+00  -1.0693635633722E+00  -1.0338519667315E+00
   1.0000000000000E+01   5.0000000000000E+00   6.3417900000000E-01   6.7903766114199E-01   0.0000000000000E+00   1.0000000000000E+00   6.3417900000000E-01   1.9033419812254E+00  -1.2691629812254E+00  -1.9308117635923E+00
   1.0000000000000E+01   6.0000000000000E+00   0.0000000000000E+00   7.7911826394821E-01   1.0000000000000E+00   1.0000000000000E+00   0.0000000000000E+00   1.8164052121156E+00   0.0000000000000E+00   0.0000000000000E+00
   1.0000000000000E+01   7.0000000000000E+00   7.5235900000000E-01   8.1257533667691E-01   0.0000000000000E+00   1.0000000000000E+00   7.5235900000000E-01   1.7396976232790E+00  -9.8733862327902E-01  -1.0592566175596E+00
   1.0000000000000E+01   8.5000000000000E+00   1.1079760000000E+00   9.7889922138460E-01   0.0000000000000E+00   2.0000000000000E+00   1.1079760000000E+00   2.3410641188341E+00  -1.2330881188341E+00  -1.1811461049313E-01
   1.0000000000000E+01   1.0000000000000E+01   1.0452210000000E+00   1.2067634143818E+00   0.0000000000000E+00   2.0000000000000E+00   1.0452210000000E+00   2.8068203192643E+00  -1.7615993192643E+00  -1.8298626177786E+00
   1.0000000000000E+01   1.1500000000000E+01   1.2562970000000E+00   1.3364087837926E+00   0.0000000000000E+00   2.0000000000000E+00   1.2562970000000E+00   2.6687717139983E+00  -1.4124747139983E+00  -1.5183406237033E+00
   1.0000000000000E+01   1.2000000000000E+01   0.0000000000000E+00   1.3415898422567E+00   1.0000000000000E+00   2.0000000000000E+00   0.0000000000000E+00   2.5411176127075E+00   0.0000000000000E+00   0.0000000000000E+00
   1.0000000000000E+01   1.3000000000000E+01   1.3373350000000E+00   1.3694349305813E+00   0.0000000000000E+00   2.0000000000000E+00   1.3373350000000E+00   2.3483423643866E+00  -1.0110073643866E+00  -8.5505976499043E-01
   1.0000000000000E+01   1.5000000000000E+01   2.0244890000000E+00   1.9684103653292E+00   0.0000000000000E+00   2.0000000000000E+00   2.0244890000000E+00   2.9936923644907E+00  -9.6920336449066E-01  -9.1164761390650E-03
   1.0000000000000E+01   1.7000000000000E+01   2.0128300000000E+00   1.9628609644659E+00   0.0000000000000E+00   2.0000000000000E+00   2.0128300000000E+00   3.0674316772475E+00  -1.0546016772475E+00  -6.0428953750422E-02
   1.0000000000000E+01   1.8000000000000E+01   0.0000000000000E+00   1.8028115799228E+00   1.0000000000000E+00   3.0000000000000E+00   0.0000000000000E+00   2.7945686834489E+00   0.0000000000000E+00   0.0000000000000E+00
   1.0000000000000E+01   1.9000000000000E+01   1.8901310000000E+00   1.7853469113498E+00   0.0000000000000E+00   3.0000000000000E+00   1.8901310000000E+00   2.5610338019822E+00  -6.7090280198220E-01   6.7784820679740E-01
   1.0000000000000E+01   2.1000000000000E+01   2.6890460000000E+00   2.5551528044716E+00   0.0000000000000E+00   3.0000000000000E+00   2.6890460000000E+00   3.1434741159174E+00  -4.5442811591744E-01   7.2705456343218E-01
   1.0000000000000E+01   2.4000000000000E+01   1.6797890000000E+00   1.6679946790413E+00   0.0000000000000E+00   3.0000000000000E+00   1.6797890000000E+00   2.8830844711124E+00  -1.2032954711124E+00  -4.9764266294163E-01
   1.0000000000000E+01   3.0000000000000E+01   3.8802800000000E-01   4.0897947000944E-01   0.0000000000000E+00   3.0000000000000E+00   3.8802800000000E-01   1.0975924620087E+00  -7.0956446200871E-01  -4.8148813997449E-01
   1.0000000000000E+01   3.6000000000000E+01   1.0221900000000E-01   9.8023084315275E-02   0.0000000000000E+00   3.0000000000000E+00   1.0221900000000E-01   3.8367617040294E-01  -2.8145717040294E-01  -2.2418601039996E-01
   1.1000000000000E+01   0.0000000000000E+00   0.0000000000000E+00   0.0000000000000E+00   1.0000000000000E+00   1.0000000000000E+00   0.0000000000000E+00   0.0000000000000E+00   0.0000000000000E+00   0.0000000000000E+00
   1.1000000000000E+01   1.0000000000000E+00   2.9258500000000E-01   2.8001047785042E-01   0.0000000000000E+00   1.0000000000000E+00   2.9258500000000E-01   1.0888239662135E-01   1.8370260337865E-01   1.7142368509100E+00
   1.1000000000000E+01   3.0000000000000E+00   2.0653100000000E+00   1.9967650972040E+00   0.0000000000000E+00   1.0000000000000E+00   2.0653100000000E+00   1.3554755633722E+00   7.0983443662782E-01   1.3929210793022E+00
   1.1000000000000E+01   5.0000000000000E+00   2.2750950000000E+00   2.2172682350500E+00   0.0000000000000E+00   1.0000000000000E+00   2.2750950000000E+00   1.9033419812254E+00   3.7175301877459E-01   8.0388335631411E-01
   1.1000000000000E+01   6.0000000000000E+00   0.0000000000000E+00   2.0850607356855E+00   1.0000000000000E+00   1.0000000000000E+00   0.0000000000000E+00   1.8164052121156E+00   0.0000000000000E+00   0.0000000000000E+00
   1.1000000000000E+01   7.0000000000000E+00   2.1337880000000E+00   2.2082679388610E+00   0.0000000000000E+00   1.0000000000000E+00   2.1337880000000E+00   1.7396976232790E+00   3.9409037672098E-01  -1.3870915657371E-01
   1.1000000000000E+01   8.5000000000000E+00   2.8241030000000E+00   3.4279088678685E+00   0.0000000000000E+00   2.0000000000000E+00   2.8241030000000E+00   2.3410641188341E+00   4.8303888116593E-01  -1.8208158506064E+00
   1.1000000000000E+01   1.0000000000000E+01   4.2662980000000E+00   3.8161678818265E+00   0.0000000000000E+00   2.0000000000000E+00   4.2662980000000E+00   2.8068203192643E+00   1.4594776807357E+00   1.9851247145374E+00
   1.1000000000000E+01   1.1500000000000E+01   3.6025920000000E+00   3.5825619852220E+00   0.0000000000000E+00   2.0000000000000E+00   3.6025920000000E+00   2.6687717139983E+00   9.3382028600174E-01   4.1465604217486E-01
   1.1000000000000E+01   1.2000000000000E+01   0.0000000000000E+00   3.4651408860332E+00   1.0000000000000E+00   2.0000000000000E+00   0.0000000000000E+00   2.5411176127075E+00   0.0000000000000E+00   0.0000000000000E+00
   1.1000000000000E+01   1.3000000000000E+01   3.3350810000000E+00   3.2840063556490E+00   0.0000000000000E+00   2.0000000000000E+00   3.3350810000000E+00   2.3483423643866E+00   9.8673863561344E-01   3.9331944146748E-01
   1.1000000000000E+01   1.5000000000000E+01   3.5026630000000E+00   3.8016583291951E+00   0.0000000000000E+00   2.0000000000000E+00   3.5026630000000E+00   2.9936923644907E+00   5.0897063550934E-01  -1.1069683718567E+00
   1.1000000000000E+01   1.7000000000000E+01   4.7413220000000E+00   4.2736758033689E+00   0.0000000000000E+00   2.0000000000000E+00   4.7413220000000E+00   3.0674316772475E+00   1.6738903227525E+00   1.7081929035608E+00
   1.1000000000000E+01   1.8000000000000E+01   0.0000000000000E+00   4.3371883832562E+00   1.0000000000000E+00   3.0000000000000E+00   0.0000000000000E+00   2.7945686834489E+00   0.0000000000000E+00   0.0000000000000E+00
   1.1000000000000E+01   1.9000000000000E+01   3.7152870000000E+00   4.3493120107480E+00   0.0000000000000E+00   3.0000000000000E+00   3.7152870000000E+00   2.5610338019822E+00   1.1542531980178E+00  -2.5743578493093E+00
   1.1000000000000E+01   2.1000000000000E+01   5.1951360000000E+00   5.1385251710747E+00   0.0000000000000E+00   3.0000000000000E+00   5.1951360000000E+00   3.1434741159174E+00   2.0516618840826E+00   9.2138741502084E-01
   1.1000000000000E+01   2.4000000000000E+01   5.7849420000000E+00   5.6117457912281E+00   0.0000000000000E+00   3.0000000000000E+00   5.7849420000000E+00   2.8830844711124E+00   2.9018575288876E+00   2.3403657229603E-01
   1.1000000000000E+01   3.0000000000000E+01   4.4921250000000E+00   4.2357996825330E+00   0.0000000000000E+00   3.0000000000000E+00   4.4921250000000E+00   1.0975924620087E+00   3.3945325379913E+00   7.7438992161490E-01
   1.1000000000000E+01   3.6000000000000E+01   3.2293690000000E+00   3.0350716273651E+00   0.0000000000000E+00   3.0000000000000E+00   3.2293690000000E+00   3.8367617040294E-01   2.8456928295971E+00   1.1387444392879E+01
   1.2000000000000E+01   0.0000000000000E+00   0.0000000000000E+00   0.0000000000000E+00   1.0000000000000E+00   1.0000000000000E+00   0.0000000000000E+00   0.0000000000000E+00   0.0000000000000E+00   0.0000000000000E+00
   1.2000000000000E+01   1.0000000000000E+00   5.2450300000000E-01   4.9330658762347E-01   0.0000000000000E+00   1.0000000000000E+00   5.2450300000000E-01   1.0888239662135E-01   4.1562060337865E-01   1.0489502661169E+01
   1.2000000000000E+01   3.0000000000000E+00   2.2030240000000E+00   2.0221854289334E+00   0.0000000000000E+00   1.0000000000000E+00   2.2030240000000E+00   1.3554755633722E+00   8.4754843662782E-01   9.6314343767012E-01
   1.2000000000000E+01   5.0000000000000E+00   1.4702500000000E+00   1.4271352936935E+00   0.0000000000000E+00   1.0000000000000E+00   1.4702500000000E+00   1.9033419812254E+00  -4.3309198122541E-01  -1.5196696315474E+00
   1.2000000000000E+01   6.0000000000000E+00   0.0000000000000E+00   1.0943269647872E+00   1.0000000000000E+00   1.0000000000000E+00   0.0000000000000E+00   1.8164052121156E+00   0.0000000000000E+00   0.0000000000000E+00
   1.2000000000000E+01   7.0000000000000E+00   1.2228030000000E+00   1.3234115805420E+00   0.0000000000000E+00   1.0000000000000E+00   1.2228030000000E+00   1.7396976232790E+00  -5.1689462327902E-01   2.6615602358284E-01
   1.2000000000000E+01   8.5000000000000E+00   2.3367190000000E+00   2.3939479669221E+00   0.0000000000000E+00   2.0000000000000E+00   2.3367190000000E+00   2.3410641188341E+00  -4.3451188340744E-03   4.9011310682511E-01
   1.2000000000000E+01   1.0000000000000E+01   1.9877470000000E+00   1.9731502114424E+00   0.0000000000000E+00   2.0000000000000E+00   1.9877470000000E+00   2.8068203192643E+00  -8.1907331926435E-01  -1.4298688687299E+00
   1.2000000000000E+01   1.1500000000000E+01   1.3493550000000E+00   1.2888109746902E+00   0.0000000000000E+00   2.0000000000000E+00   1.3493550000000E+00   2.6687717139983E+00  -1.3194167139983E+00  -1.5134852644275E+00
   1.2000000000000E+01   1.2000000000000E+01   0.0000000000000E+00   1.1028493081590E+00   1.0000000000000E+00   2.0000000000000E+00   0.0000000000000E+00   2.5411176127075E+00   0.0000000000000E+00   0.0000000000000E+00
   1.2000000000000E+01   1.3000000000000E+01   9.0841200000000E-01   8.8886586179853E-01   0.0000000000000E+00   2.0000000000000E+00   9.0841200000000E-01   2.3483423643866E+00  -1.4399303643866E+00  -1.0504819961413E+00
   1.2000000000000E+01   1.5000000000000E+01   1.5232240000000E+00   1.5246598509272E+00   0.0000000000000E+00   2.0000000000000E+00   1.5232240000000E+00   2.9936923644907E+00  -1.4704683644907E+00  -4.1075931178658E-01
   1.2000000000000E+01   1.7000000000000E+01   1.5646570000000E+00   1.6887435070684E+00   0.0000000000000E+00   2.0000000000000E+00   1.5646570000000E+00   3.0674316772475E+00  -1.5027746772475E+00  -5.8731319218137E-01
   1.2000000000000E+01   1.8000000000000E+01   0.0000000000000E+00   1.6380013667739E+00   1.0000000000000E+00   3.0000000000000E+00   0.0000000000000E+00   2.7945686834489E+00   0.0000000000000E+00   0.0000000000000E+00
   1.2000000000000E+01   1.9000000000000E+01   1.5133230000000E+00   1.5837810869551E+00   0.0000000000000E+00   3.0000000000000E+00   1.5133230000000E+00   2.5610338019822E+00  -1.0477108019822E+00  -1.6311169245197E-01
   1.2000000000000E+01   2.1000000000000E+01   2.4666070000000E+00   2.4245324040424E+00   0.0000000000000E+00   3.0000000000000E+00   2.4666070000000E+00   3.1434741159174E+00  -6.7686711591743E-01   1.8489809545512E-01
   1.2000000000000E+01   2.4000000000000E+01   2.3663830000000E+00   2.2959716704552E+00   0.0000000000000E+00   3.0000000000000E+00   2.3663830000000E+00   2.8830844711124E+00  -5.1670147111245E-01   7.6063470504564E-01
   1.2000000000000E+01   3.0000000000000E+01   6.8381400000000E-01   7.2947668190902E-01   0.0000000000000E+00   3.0000000000000E+00   6.8381400000000E-01   1.0975924620087E+00  -4.1377846200871E-01  -1.0075042669875E-01
   1.2000000000000E+01   3.6000000000000E+01   2.1953100000000E-01   2.0681349572402E-01   0.0000000000000E+00   3.0000000000000E+00   2.1953100000000E-01   3.8367617040294E-01  -1.6414517040294E-01  -3.5350150792811E-01
   1.3000000000000E+01   0.0000000000000E+00   0.0000000000000E+00   0.0000000000000E+00   1.0000000000000E+00   1.0000000000000E+00   0.0000000000000E+00   0.0000000000000E+00   0.0000000000000E+00   0.0000000000000E+00
   1.3000000000000E+01   1.0000000000000E+00   8.6421000000000E-02   8.3110053073330E-02   0.0000000000000E+00   1.0000000000000E+00   8.6421000000000E-02   1.0888239662135E-01  -2.2461396621346E-02   1.1176723443658E-01
   1.3000000000000E+01   3.0000000000000E+00   1.0539220000000E+00   1.1733898953104E+00   0.0000000000000E+00   1.0000000000000E+00   1.0539220000000E+00   1.3554755633722E+00  -3.0155356337218E-01  -6.8742339144650E-01
   1.3000000000000E+01   5.0000000000000E+00   2.0501000000000E+00   1.8699389981588E+00   0.0000000000000E+00   1.0000000000000E+00   2.0501000000000E+00   1.9033419812254E+00   1.4675801877459E-01   1.0000650476712E+00
   1.3000000000000E+01   6.0000000000000E+00   0.0000000000000E+00   1.9016217325732E+00   1.0000000000000E+00   1.0000000000000E+00   0.0000000000000E+00   1.8164052121156E+00   0.0000000000000E+00   0.0000000000000E+00
   1.3000000000000E+01   7.0000000000000E+00   1.8884960000000E+00   1.9027555515027E+00   0.0000000000000E+00   1.0000000000000E+00   1.8884960000000E+00   1.7396976232790E+00   1.4879837672098E-01  -2.3774102279428E-01
   1.3000000000000E+01   8.5000000000000E+00   2.4114550000000E+00   2.4633322070681E+00   0.0000000000000E+00   2.0000000000000E+00   2.4114550000000E+00   2.3410641188341E+00   7.0390881165926E-02  -3.3438482086265E-01
   1.3000000000000E+01   1.0000000000000E+01   3.0504710000000E+00   3.0052462050580E+00   0.0000000000000E+00   2.0000000000000E+00   3.0504710000000E+00   2.8068203192643E+00   2.4365068073565E-01   1.2789471893469E-01
   1.3000000000000E+01   1.1500000000000E+01   3.3227300000000E+00   3.0469846113297E+00   0.0000000000000E+00   2.0000000000000E+00   3.3227300000000E+00   2.6687717139983E+00   6.5395828600174E-01   1.0234273175302E+00
   1.3000000000000E+01   1.2000000000000E+01   0.0000000000000E+00   2.9775867801056E+00   1.0000000000000E+00   2.0000000000000E+00   0.0000000000000E+00   2.5411176127075E+00   0.0000000000000E+00   0.0000000000000E+00
   1.3000000000000E+01   1.3000000000000E+01   2.7864620000000E+00   2.8461727553263E+00   0.0000000000000E+00   2.0000000000000E+00   2.7864620000000E+00   2.3483423643866E+00   4.3811963561344E-01  -2.5620821336537E-01
   1.3000000000000E+01   1.5000000000000E+01   3.2991750000000E+00   3.3729687437592E+00   0.0000000000000E+00   2.0000000000000E+00   3.2991750000000E+00   2.9936923644907E+00   3.0548263550934E-01  -2.6702566751028E-01
   1.3000000000000E+01   1.7000000000000E+01   3.6340280000000E+00   3.6408831412074E+00   0.0000000000000E+00   2.0000000000000E+00   3.6340280000000E+00   3.0674316772475E+00   5.6659632275254E-01   5.2645572029115E-02
   1.3000000000000E+01   1.8000000000000E+01   0.0000000000000E+00   3.5403920131796E+00   1.0000000000000E+00   3.0000000000000E+00   0.0000000000000E+00   2.7945686834489E+00   0.0000000000000E+00   0.0000000000000E+00
   1.3000000000000E+01   1.9000000000000E+01   3.6106400000000E+00   3.3723481134362E+00   0.0000000000000E+00   3.0000000000000E+00   3.6106400000000E+00   2.5610338019822E+00   1.0496061980178E+00   1.0193561746820E+00
   1.3000000000000E+01   2.1000000000000E+01   3.3345240000000E+00   3.5841010610012E+00   0.0000000000000E+00   3.0000000000000E+00   3.3345240000000E+00   3.1434741159174E+00   1.9104988408256E-01  -7.9884230760268E-01
   1.3000000000000E+01   2.4000000000000E+01   3.8185030000000E+00   3.8616485589932E+00   0.0000000000000E+00   3.0000000000000E+00   3.8185030000000E+00   2.8830844711124E+00   9.3541852888755E-01  -3.6606393884578E-01
   1.3000000000000E+01   3.0000000000000E+01   2.4798860000000E+00   2.4433115465237E+00   0.0000000000000E+00   3.0000000000000E+00   2.4798860000000E+00   1.0975924620087E+00   1.3822935379913E+00   8.6813803767160E-01
   1.3000000000000E+01   3.6000000000000E+01   1.3740340000000E+00   1.3291586090325E+00   0.0000000000000E+00   3.0000000000000E+00   1.3740340000000E+00   3.8367617040294E-01   9.9035782959706E-01   3.2312890997035E+00
   1.4000000000000E+01   0.0000000000000E+00   0.0000000000000E+00   0.0000000000000E+00   1.0000000000000E+00   1.0000000000000E+00   0.0000000000000E+00   0.0000000000000E+00   0.0000000000000E+00   0.0000000000000E+00
   1.4000000000000E+01   1.0000000000000E+00   1.3352600000000E-01   1.3222540253168E-01   0.0000000000000E+00   1.0000000000000E+00   1.3352600000000E-01   1.0888239662135E-01   2.4643603378654E-02   2.5487615805829E-01
   1.4000000000000E+01   3.0000000000000E+00   1.4163370000000E+00   1.4999563269408E+00   0.0000000000000E+00   1.0000000000000E+00   1.4163370000000E+00   1.3554755633722E+00   6.0861436627822E-02  -2.5611350511294E-02
   1.4000000000000E+01   5.0000000000000E+00   2.0759350000000E+00   1.9115824580256E+00   0.0000000000000E+00   1.0000000000000E+00   2.0759350000000E+00   1.9033419812254E+00   1.7259301877459E-01   1.5649678065527E+00
   1.4000000000000E+01   6.0000000000000E+00   0.0000000000000E+00   1.7351731181765E+00   1.0000000000000E+00   1.0000000000000E+00   0.0000000000000E+00   1.8164052121156E+00   0.0000000000000E+00   0.0000000000000E+00
   1.4000000000000E+01   7.0000000000000E+00   1.7446870000000E+00   1.6126536220142E+00   0.0000000000000E+00   1.0000000000000E+00   1.7446870000000E+00   1.7396976232790E+00   4.9893767209770E-03   1.4172049212432E+00
   1.4000000000000E+01   8.5000000000000E+00   1.8660210000000E+00   1.8761456151504E+00   0.0000000000000E+00   2.0000000000000E+00   1.8660210000000E+00   2.3410641188341E+00  -4.7504311883407E-01  -4.2075134679328E-01
   1.4000000000000E+01   1.0000000000000E+01   1.9364100000000E+00   1.9437794452224E+00   0.0000000000000E+00   2.0000000000000E+00   1.9364100000000E+00   2.8068203192643E+00  -8.7041031926435E-01  -8.7830463541647E-01
   1.4000000000000E+01   1.1500000000000E+01   1.3911120000000E+00   1.4893675488660E+00   0.0000000000000E+00   2.0000000000000E+00   1.3911120000000E+00   2.6687717139983E+00  -1.2776597139983E+00  -1.4700974312687E+00
   1.4000000000000E+01   1.2000000000000E+01   0.0000000000000E+00   1.3033020926800E+00   1.0000000000000E+00   2.0000000000000E+00   0.0000000000000E+00   2.5411176127075E+00   0.0000000000000E+00   0.0000000000000E+00
   1.4000000000000E+01   1.3000000000000E+01   9.0997200000000E-01   1.0426933182819E+00   0.0000000000000E+00   2.0000000000000E+00   9.0997200000000E-01   2.3483423643866E+00  -1.4383703643866E+00  -1.6107046671748E+00
   1.4000000000000E+01   1.5000000000000E+01   1.5707430000000E+00   1.5376746908339E+00   0.0000000000000E+00   2.0000000000000E+00   1.5707430000000E+00   2.9936923644907E+00  -1.4229493644907E+00  -6.3863085232015E-01
   1.4000000000000E+01   1.7000000000000E+01   1.7352800000000E+00   1.5549775048092E+00   0.0000000000000E+00   2.0000000000000E+00   1.7352800000000E+00   3.0674316772475E+00  -1.3321516772475E+00  -5.3113700524490E-02
   1.4000000000000E+01   1.8000000000000E+01   0.0000000000000E+00   1.4303021348141E+00   1.0000000000000E+00   3.0000000000000E+00   0.0000000000000E+00   2.7945686834489E+00   0.0000000000000E+00   0.0000000000000E+00
   1.4000000000000E+01   1.9000000000000E+01   1.4578090000000E+00   1.3358186506684E+00   0.0000000000000E+00   3.0000000000000E+00   1.4578090000000E+00   2.5610338019822E+00  -1.1032248019822E+00   1.8605224630808E-01
   1.4000000000000E+01   2.1000000000000E+01   2.1060310000000E+00   2.1430285308799E+00   0.0000000000000E+00   3.0000000000000E+00   2.1060310000000E+00   3.1434741159174E+00  -1.0374431159174E+00  -1.2107546408782E-01
   1.4000000000000E+01   2.4000000000000E+01   1.5360970000000E+00   1.7504012017982E+00   0.0000000000000E+00   3.0000000000000E+00   1.5360970000000E+00   2.8830844711124E+00  -1.3469874711124E+00  -1.0403546981844E+00
   1.4000000000000E+01   3.0000000000000E+01   3.4665000000000E-01   3.3354629466956E-01   0.0000000000000E+00   3.0000000000000E+00   3.4665000000000E-01   1.0975924620087E+00  -7.5094246200871E-01  -1.3455428300190E-01
   1.4000000000000E+01   3.6000000000000E+01   5.4890000000000E-02   5.4416773927750E-02   0.0000000000000E+00   3.0000000000000E+00   5.4890000000000E-02   3.8367617040294E-01  -3.2878617040294E-01   7.2083497080936E-01
   1.5000000000000E+01   0.0000000000000E+00   0.0000000000000E+00   0.0000000000000E+00   1.0000000000000E+00   1.0000000000000E+00   0.0000000000000E+00   0.0000000000000E+00   0.0000000000000E+00   0.0000000000000E+00
   1.5000000000000E+01   1.0000000000000E+00   7.5706000000000E-02   7.8039517888254E-02   0.0000000000000E+00   1.0000000000000E+00   7.5706000000000E-02   1.0888239662135E-01  -3.3176396621346E-02  -2.6868812687237E-01
   1.5000000000000E+01   3.0000000000000E+00   1.1750690000000E+00   1.0855407804719E+00   0.0000000000000E+00   1.0000000000000E+00   1.1750690000000E+00   1.3554755633722E+00  -1.8040656337218E-01   2.9385634840342E-01
   1.5000000000000E+01   5.0000000000000E+00   1.7512750000000E+00   1.6451670351594E+00   0.0000000000000E+00   1.0000000000000E+00   1.7512750000000E+00   1.9033419812254E+00  -1.5206698122541E-01   1.4073092311941E-01
   1.5000000000000E+01   6.0000000000000E+00   0.0000000000000E+00   1.6083974588773E+00   1.0000000000000E+00   1.0000000000000E+00   0.0000000000000E+00   1.8164052121156E+00   0.0000000000000E+00   0.0000000000000E+00
   1.5000000000000E+01   7.0000000000000E+00   1.4093290000000E+00   1.5450419872970E+00   0.0000000000000E+00   1.0000000000000E+00   1.4093290000000E+00   1.7396976232790E+00  -3.3036862327902E-01  -1.0625743658279E+00
   1.5000000000000E+01   8.5000000000000E+00   1.9102260000000E+00   2.0726476673736E+00   0.0000000000000E+00   2.0000000000000E+00   1.9102260000000E+00   2.3410641188341E+00  -4.3083811883407E-01  -9.9170338392757E-01
   1.5000000000000E+01   1.0000000000000E+01   2.6655860000000E+00   2.5810651652477E+00   0.0000000000000E+00   2.0000000000000E+00   2.6655860000000E+00   2.8068203192643E+00  -1.4123431926435E-01  -3.9020602767084E-02
   1.5000000000000E+01   1.1500000000000E+01   2.5994980000000E+00   2.5939106412086E+00   0.0000000000000E+00   2.0000000000000E+00   2.5994980000000E+00   2.6687717139983E+00  -6.9273713998256E-02  -2.3245442176619E-01
   1.5000000000000E+01   1.2000000000000E+01   0.0000000000000E+00   2.5156198204064E+00   1.0000000000000E+00   2.0000000000000E+00   0.0000000000000E+00   2.5411176127075E+00   0.0000000000000E+00   0.0000000000000E+00
   1.5000000000000E+01   1.3000000000000E+01   2.8574180000000E+00   2.4446316838334E+00   0.0000000000000E+00   2.0000000000000E+00   2.8574180000000E+00   2.3483423643866E+00   5.0907563561344E-01   1.6884067963461E+00
   1.5000000000000E+01   1.5000000000000E+01   3.0895740000000E+00   3.2898641832439E+00   0.0000000000000E+00   2.0000000000000E+00   3.0895740000000E+00   2.9936923644907E+00   9.5881635509341E-02  -2.4537041265949E-01
   1.5000000000000E+01   1.7000000000000E+01   3.3741260000000E+00   3.2203742328439E+00   0.0000000000000E+00   2.0000000000000E+00   3.3741260000000E+00   3.0674316772475E+00   3.0669432275254E-01   5.5657220225855E-01
   1.5000000000000E+01   1.8000000000000E+01   0.0000000000000E+00   2.8698026327823E+00   1.0000000000000E+00   3.0000000000000E+00   0.0000000000000E+00   2.7945686834489E+00   0.0000000000000E+00   0.0000000000000E+00
   1.5000000000000E+01   1.9000000000000E+01   2.3390120000000E+00   2.6183960494670E+00   0.0000000000000E+00   3.0000000000000E+00   2.3390120000000E+00   2.5610338019822E+00  -2.2202180198220E-01  -1.0205810559487E+00
   1.5000000000000E+01   2.1000000000000E+01   3.2994330000000E+00   3.2045443291366E+00   0.0000000000000E+00   3.0000000000000E+00   3.2994330000000E+00   3.1434741159174E+00   1.5595888408256E-01   3.4987691889924E-01
   1.5000000000000E+01   2.4000000000000E+01   2.8451640000000E+00   2.8140485814270E+00   0.0000000000000E+00   3.0000000000000E+00   2.8451640000000E+00   2.8830844711124E+00  -3.7920471112446E-02   9.2651215973661E-02
   1.5000000000000E+01   3.0000000000000E+01   9.3434400000000E-01   1.1205357099135E+00   0.0000000000000E+00   3.0000000000000E+00   9.3434400000000E-01   1.0975924620087E+00  -1.6324846200871E-01  -8.8192904064637E-01
   1.5000000000000E+01   3.6000000000000E+01   4.6660200000000E-01   4.2357158014553E-01   0.0000000000000E+00   3.0000000000000E+00   4.6660200000000E-01   3.8367617040294E-01   8.2925829597060E-02   1.3724628587002E+00
   1.6000000000000E+01   0.0000000000000E+00   0.0000000000000E+00   0.0000000000000E+00   1.0000000000000E+00   1.0000000000000E+00   0.0000000000000E+00   0.0000000000000E+00   0.0000000000000E+00   0.0000000000000E+00
   1.6000000000000E+01   1.0000000000000E+00   5.4782000000000E-02   5.8876342178880E-02   0.0000000000000E+00   1.0000000000000E+00   5.4782000000000E-02   1.0888239662135E-01  -5.4100396621346E-02  -7.5017995786785E-01
   1.6000000000000E+01   3.0000000000000E+00   9.4283400000000E-01   8.6689660944395E-01   0.0000000000000E+00   1.0000000000000E+00   9.4283400000000E-01   1.3554755633722E+00  -4.1264156337218E-01  -4.5621303851540E-01
   1.6000000000000E+01   5.0000000000000E+00   1.4377310000000E+00   1.3814701186129E+00   0.0000000000000E+00   1.0000000000000E+00   1.4377310000000E+00   1.9033419812254E+00  -4.6561098122541E-01  -2.7484601270675E-01
   1.6000000000000E+01   6.0000000000000E+00   0.0000000000000E+00   1.3811438030738E+00   1.0000000000000E+00   1.0000000000000E+00   0.0000000000000E+00   1.8164052121156E+00   0.0000000000000E+00   0.0000000000000E+00
   1.6000000000000E+01   7.0000000000000E+00   1.3250000000000E+00   1.3448992292307E+00   0.0000000000000E+00   1.0000000000000E+00   1.3250000000000E+00   1.7396976232790E+00  -4.1469762327902E-01  -1.6216733922679E-01
   1.6000000000000E+01   8.5000000000000E+00   1.6762970000000E+00   1.6776703884524E+00   0.0000000000000E+00   2.0000000000000E+00   1.6762970000000E+00   2.3410641188341E+00  -6.6476711883407E-01  -4.7747130217112E-01
   1.6000000000000E+01   1.0000000000000E+01   2.1424700000000E+00   2.0196204920554E+00   0.0000000000000E+00   2.0000000000000E+00   2.1424700000000E+00   2.8068203192643E+00  -6.6435031926435E-01  -1.0490170508592E-01
   1.6000000000000E+01   1.1500000000000E+01   2.1613840000000E+00   1.9832952938948E+00   0.0000000000000E+00   2.0000000000000E+00   2.1613840000000E+00   2.6687717139983E+00  -5.0738771399826E-01   3.6485060155514E-01
   1.6000000000000E+01   1.2000000000000E+01   0.0000000000000E+00   1.9067800903813E+00   1.0000000000000E+00   2.0000000000000E+00   0.0000000000000E+00   2.5411176127075E+00   0.0000000000000E+00   0.0000000000000E+00
   1.6000000000000E+01   1.3000000000000E+01   1.5990460000000E+00   1.7696136373706E+00   0.0000000000000E+00   2.0000000000000E+00   1.5990460000000E+00   2.3483423643866E+00  -7.4929636438656E-01  -7.2882472591257E-01
   1.6000000000000E+01   1.5000000000000E+01   1.9495500000000E+00   2.1567885057958E+00   0.0000000000000E+00   2.0000000000000E+00   1.9495500000000E+00   2.9936923644907E+00  -1.0441423644907E+00  -9.4086178220145E-01
   1.6000000000000E+01   1.7000000000000E+01   2.5108240000000E+00   2.2551429186508E+00   0.0000000000000E+00   2.0000000000000E+00   2.5108240000000E+00   3.0674316772475E+00  -5.5660767724746E-01   5.7819531201604E-01
   1.6000000000000E+01   1.8000000000000E+01   0.0000000000000E+00   2.0543552936098E+00   1.0000000000000E+00   3.0000000000000E+00   0.0000000000000E+00   2.7945686834489E+00   0.0000000000000E+00   0.0000000000000E+00
   1.6000000000000E+01   1.9000000000000E+01   1.8797950000000E+00   1.8458228656906E+00   0.0000000000000E+00   3.0000000000000E+00   1.8797950000000E+00   2.5610338019822E+00  -6.8123880198220E-01   5.7966802400906E-02
   1.6000000000000E+01   2.1000000000000E+01   2.1143430000000E+00   2.0576425153861E+00   0.0000000000000E+00   3.0000000000000E+00   2.1143430000000E+00   3.1434741159174E+00  -1.0291311159174E+00  -4.3085523929844E-01
   1.6000000000000E+01   2.4000000000000E+01   1.4984370000000E+00   2.0026672790650E+00   0.0000000000000E+00   3.0000000000000E+00   1.4984370000000E+00   2.8830844711124E+00  -1.3846474711124E+00  -1.8361397330061E+00
   1.6000000000000E+01   3.0000000000000E+01   7.0241000000000E-01   7.4948772684751E-01   0.0000000000000E+00   3.0000000000000E+00   7.0241000000000E-01   1.0975924620087E+00  -3.9518246200871E-01   3.8137198857660E-01
   1.6000000000000E+01   3.6000000000000E+01   2.5405100000000E-01   2.3459909869020E-01   0.0000000000000E+00   3.0000000000000E+00   2.5405100000000E-01   3.8367617040294E-01  -1.2962517040294E-01   1.0746905636911E+00
   1.7000000000000E+01   0.0000000000000E+00   0.0000000000000E+00   0.0000000000000E+00   1.0000000000000E+00   1.0000000000000E+00   0.0000000000000E+00   0.0000000000000E+00   0.0000000000000E+00   0.0000000000000E+00
   1.7000000000000E+01   1.0000000000000E+00   9.5376000000000E-02   9.2287945307449E-02   0.0000000000000E+00   1.0000000000000E+00   9.5376000000000E-02   1.0888239662135E-01  -1.3506396621346E-02  -8.2609883024842E-02
   1.7000000000000E+01   3.0000000000000E+00   1.1697860000000E+00   1.2049474792622E+00   0.0000000000000E+00   1.0000000000000E+00   1.1697860000000E+00   1.3554755633722E+00  -1.8568956337218E-01  -6.8750956024904E-02
   1.7000000000000E+01   5.0000000000000E+00   1.4535950000000E+00   1.8113263392973E+00   0.0000000000000E+00   1.0000000000000E+00   1.4535950000000E+00   1.9033419812254E+00  -4.4974698122541E-01  -1.7558274994782E+00
   1.7000000000000E+01   6.0000000000000E+00   0.0000000000000E+00   1.8029384533789E+00   1.0000000000000E+00   1.0000000000000E+00   0.0000000000000E+00   1.8164052121156E+00   0.0000000000000E+00   0.0000000000000E+00
   1.7000000000000E+01   7.0000000000000E+00   1.7872460000000E+00   1.7883363289046E+00   0.0000000000000E+00   1.0000000000000E+00   1.7872460000000E+00   1.7396976232790E+00   4.7548376720977E-02  -1.8463481556726E-01
   1.7000000000000E+01   8.5000000000000E+00   2.4646500000000E+00   2.4676693707122E+00   0.0000000000000E+00   2.0000000000000E+00   2.4646500000000E+00   2.3410641188341E+00   1.2358588116593E-01  -2.9535907682693E-01
   1.7000000000000E+01   1.0000000000000E+01   3.6069160000000E+00   3.0844999238141E+00   0.0000000000000E+00   2.0000000000000E+00   3.6069160000000E+00   2.8068203192643E+00   8.0009568073565E-01   1.6174493789263E+00
   1.7000000000000E+01   1.1500000000000E+01   3.0992460000000E+00   3.1805553102449E+00   0.0000000000000E+00   2.0000000000000E+00   3.0992460000000E+00   2.6687717139983E+00   4.3047428600174E-01  -4.8917194742857E-01
   1.7000000000000E+01   1.2000000000000E+01   0.0000000000000E+00   3.1308475195186E+00   1.0000000000000E+00   2.0000000000000E+00   0.0000000000000E+00   2.5411176127075E+00   0.0000000000000E+00   0.0000000000000E+00
   1.7000000000000E+01   1.3000000000000E+01   2.9789910000000E+00   3.0309217722974E+00   0.0000000000000E+00   2.0000000000000E+00   2.9789910000000E+00   2.3483423643866E+00   6.3064863561344E-01  -2.8492344597780E-01
   1.7000000000000E+01   1.5000000000000E+01   3.1894770000000E+00   3.5654233938424E+00   0.0000000000000E+00   2.0000000000000E+00   3.1894770000000E+00   2.9936923644907E+00   1.9578463550934E-01  -8.3259094602958E-01
   1.7000000000000E+01   1.7000000000000E+01   4.2731230000000E+00   3.9560377466245E+00   0.0000000000000E+00   2.0000000000000E+00   4.2731230000000E+00   3.0674316772475E+00   1.2056913227525E+00   1.1767365537471E+00
   1.7000000000000E+01   1.8000000000000E+01   0.0000000000000E+00   3.8174204694508E+00   1.0000000000000E+00   3.0000000000000E+00   0.0000000000000E+00   2.7945686834489E+00   0.0000000000000E+00   0.0000000000000E+00
   1.7000000000000E+01   1.9000000000000E+01   4.1976540000000E+00   3.7735878501168E+00   0.0000000000000E+00   3.0000000000000E+00   4.1976540000000E+00   2.5610338019822E+00   1.6366201980178E+00   1.7111217501127E+00
   1.7000000000000E+01   2.1000000000000E+01   4.9865020000000E+00   4.6703611806900E+00   0.0000000000000E+00   3.0000000000000E+00   4.9865020000000E+00   3.1434741159174E+00   1.8430278840826E+00   1.6541912922832E+00
   1.7000000000000E+01   2.4000000000000E+01   3.3200600000000E+00   4.0604347933131E+00   0.0000000000000E+00   3.0000000000000E+00   3.3200600000000E+00   2.8830844711124E+00   4.3697552888755E-01  -2.2471003619207E+00
   1.7000000000000E+01   3.0000000000000E+01   2.4688780000000E+00   2.1658210302837E+00   0.0000000000000E+00   3.0000000000000E+00   2.4688780000000E+00   1.0975924620087E+00   1.3712855379913E+00   2.3109345683688E+00
   1.7000000000000E+01   3.6000000000000E+01   1.0663450000000E+00   1.1409946443609E+00   0.0000000000000E+00   3.0000000000000E+00   1.0663450000000E+00   3.8367617040294E-01   6.8266882959706E-01   1.6741958797411E-01
   1.8000000000000E+01   0.0000000000000E+00   0.0000000000000E+00   0.0000000000000E+00   1.0000000000000E+00   1.0000000000000E+00   0.0000000000000E+00   0.0000000000000E+00   0.0000000000000E+00   0.0000000000000E+00
   1.8000000000000E+01   1.0000000000000E+00   3.5356000000000E-02   3.4356445568084E-02   0.0000000000000E+00   1.0000000000000E+00   3.5356000000000E-02   1.0888239662135E-01  -7.3526396621346E-02   1.3872176704069E+00
   1.8000000000000E+01   3.0000000000000E+00   7.8258900000000E-01   7.7152793210639E-01   0.0000000000000E+00   1.0000000000000E+00   7.8258900000000E-01   1.3554755633722E+00  -5.7288656337218E-01  -4.6408534493520E-01
   1.8000000000000E+01   5.0000000000000E+00   1.4281060000000E+00   1.6893663276211E+00   0.0000000000000E+00   1.0000000000000E+00   1.4281060000000E+00   1.9033419812254E+00  -4.7523598122541E-01  -2.0857230684508E+00
   1.8000000000000E+01   6.0000000000000E+00   0.0000000000000E+00   1.8929164244059E+00   1.0000000000000E+00   1.0000000000000E+00   0.0000000000000E+00   1.8164052121156E+00   0.0000000000000E+00   0.0000000000000E+00
   1.8000000000000E+01   7.0000000000000E+00   2.1374440000000E+00   1.9501160685285E+00   0.0000000000000E+00   1.0000000000000E+00   2.1374440000000E+00   1.7396976232790E+00   3.9774637672098E-01   1.3416835106147E+00
   1.8000000000000E+01   8.5000000000000E+00   2.1916610000000E+00   2.2923848266946E+00   0.0000000000000E+00   2.0000000000000E+00   2.1916610000000E+00   2.3410641188341E+00  -1.4940311883407E-01  -1.2566414733579E-01
   1.8000000000000E+01   1.0000000000000E+01   2.9988450000000E+00   2.8081611329703E+00   0.0000000000000E+00   2.0000000000000E+00   2.9988450000000E+00   2.8068203192643E+00   1.9202468073565E-01   4.6949835575974E-01
   1.8000000000000E+01   1.1500000000000E+01   2.9054660000000E+00   3.0511453174516E+00   0.0000000000000E+00   2.0000000000000E+00   2.9054660000000E+00   2.6687717139983E+00   2.3669428600174E-01  -5.9439000759482E-01
   1.8000000000000E+01   1.2000000000000E+01   0.0000000000000E+00   3.0411725198112E+00   1.0000000000000E+00   2.0000000000000E+00   0.0000000000000E+00   2.5411176127075E+00   0.0000000000000E+00   0.0000000000000E+00
   1.8000000000000E+01   1.3000000000000E+01   3.5265980000000E+00   3.2356295579546E+00   0.0000000000000E+00   2.0000000000000E+00   3.5265980000000E+00   2.3483423643866E+00   1.1782556356134E+00   1.8982220175608E+00
   1.8000000000000E+01   1.5000000000000E+01   5.1813200000000E+00   4.8664155180815E+00   0.0000000000000E+00   2.0000000000000E+00   5.1813200000000E+00   2.9936923644907E+00   2.1876276355093E+00   2.8130325626100E+00
   1.8000000000000E+01   1.7000000000000E+01   3.5429400000000E+00   4.2040651995772E+00   0.0000000000000E+00   2.0000000000000E+00   3.5429400000000E+00   3.0674316772475E+00   4.7550832275254E-01  -1.2291931335578E+00
   1.8000000000000E+01   1.8000000000000E+01   0.0000000000000E+00   3.3485383659048E+00   1.0000000000000E+00   3.0000000000000E+00   0.0000000000000E+00   2.7945686834489E+00   0.0000000000000E+00   0.0000000000000E+00
   1.8000000000000E+01   1.9000000000000E+01   3.0414020000000E+00   2.6512201244608E+00   0.0000000000000E+00   3.0000000000000E+00   3.0414020000000E+00   2.5610338019822E+00   4.8036819801780E-01   1.1814555024726E+00
   1.8000000000000E+01   2.1000000000000E+01   2.0005000000000E+00   2.4656816223548E+00   0.0000000000000E+00   3.0000000000000E+00   2.0005000000000E+00   3.1434741159174E+00  -1.1429741159174E+00  -2.1474348305311E+00
   1.8000000000000E+01   2.4000000000000E+01   2.8773230000000E+00   2.5772193640012E+00   0.0000000000000E+00   3.0000000000000E+00   2.8773230000000E+00   2.8830844711124E+00  -5.7614711124461E-03   4.2264520199477E-01
   1.8000000000000E+01   3.0000000000000E+01   9.3645300000000E-01   8.4700309280551E-01   0.0000000000000E+00   3.0000000000000E+00   9.3645300000000E-01   1.0975924620087E+00  -1.6113946200871E-01  -3.4474989705186E-01
   1.8000000000000E+01   3.6000000000000E+01   1.5587700000000E-01   1.7039693115521E-01   0.0000000000000E+00   3.0000000000000E+00   1.5587700000000E-01   3.8367617040294E-01  -2.2779917040294E-01  -1.6780949445864E+00
   1.9000000000000E+01   0.0000000000000E+00   0.0000000000000E+00   0.0000000000000E+00   1.0000000000000E+00   1.0000000000000E+00   0.0000000000000E+00   0.0000000000000E+00   0.0000000000000E+00   0.0000000000000E+00
   1.9000000000000E+01   1.0000000000000E+00   4.1396000000000E-02   4.8696716053935E-02   0.0000000000000E+00   1.0000000000000E+00   4.1396000000000E-02   1.0888239662135E-01  -6.7486396621346E-02  -9.8162129578167E-01
   1.9000000000000E+01   3.0000000000000E+00   1.0457460000000E+00   9.0808236654650E-01   0.0000000000000E+00   1.0000000000000E+00   1.0457460000000E+00   1.3554755633722E+00  -3.0972956337218E-01  -6.2608185237454E-01
   1.9000000000000E+01   5.0000000000000E+00   1.7385000000000E+00   1.7180798789451E+00   0.0000000000000E+00   1.0000000000000E+00   1.7385000000000E+00   1.9033419812254E+00  -1.6484198122541E-01  -2.8864036380414E-01
   1.9000000000000E+01   6.0000000000000E+00   0.0000000000000E+00   1.8208049230189E+00   1.0000000000000E+00   1.0000000000000E+00   0.0000000000000E+00   1.8164052121156E+00   0.0000000000000E+00   0.0000000000000E+00
   1.9000000000000E+01   7.0000000000000E+00   1.7618840000000E+00   1.8133919885468E+00   0.0000000000000E+00   1.0000000000000E+00   1.7618840000000E+00   1.7396976232790E+00   2.2186376720977E-02   2.7198087241551E-01
   1.9000000000000E+01   8.5000000000000E+00   1.8557540000000E+00   2.0343344155219E+00   0.0000000000000E+00   2.0000000000000E+00   1.8557540000000E+00   2.3410641188341E+00  -4.8531011883407E-01  -1.1130008575252E+00
   1.9000000000000E+01   1.0000000000000E+01   2.7872170000000E+00   2.4039077643791E+00   0.0000000000000E+00   2.0000000000000E+00   2.7872170000000E+00   2.8068203192643E+00  -1.9603319264348E-02   9.1176502799962E-01
   1.9000000000000E+01   1.1500000000000E+01   2.5123810000000E+00   2.4202718991767E+00   0.0000000000000E+00   2.0000000000000E+00   2.5123810000000E+00   2.6687717139983E+00  -1.5639071399826E-01   3.9050784035877E-01
   1.9000000000000E+01   1.2000000000000E+01   0.0000000000000E+00   2.3422599299421E+00   1.0000000000000E+00   2.0000000000000E+00   0.0000000000000E+00   2.5411176127075E+00   0.0000000000000E+00   0.0000000000000E+00
   1.9000000000000E+01   1.3000000000000E+01   1.8336290000000E+00   2.1272754814871E+00   0.0000000000000E+00   2.0000000000000E+00   1.8336290000000E+00   2.3483423643866E+00  -5.1471336438656E-01  -8.4239613202187E-01
   1.9000000000000E+01   1.5000000000000E+01   2.2409820000000E+00   2.0391374549534E+00   0.0000000000000E+00   2.0000000000000E+00   2.2409820000000E+00   2.9936923644907E+00  -7.5271036449066E-01  -3.5042434394391E-01
   1.9000000000000E+01   1.7000000000000E+01   1.9664480000000E+00   2.2199549914509E+00   0.0000000000000E+00   2.0000000000000E+00   1.9664480000000E+00   3.0674316772475E+00  -1.1009836772475E+00  -1.9819724338710E+00
   1.9000000000000E+01   1.8000000000000E+01   0.0000000000000E+00   2.3882308276861E+00   1.0000000000000E+00   3.0000000000000E+00   0.0000000000000E+00   2.7945686834489E+00   0.0000000000000E+00   0.0000000000000E+00
   1.9000000000000E+01   1.9000000000000E+01   2.3963990000000E+00   2.5260370014822E+00   0.0000000000000E+00   3.0000000000000E+00   2.3963990000000E+00   2.5610338019822E+00  -1.6463480198220E-01  -8.1422952558814E-01
   1.9000000000000E+01   2.1000000000000E+01   3.7336640000000E+00   3.5963851842676E+00   0.0000000000000E+00   3.0000000000000E+00   3.7336640000000E+00   3.1434741159174E+00   5.9018988408257E-01   8.3691826921288E-01
   1.9000000000000E+01   2.4000000000000E+01   3.8540830000000E+00   3.7606862188027E+00   0.0000000000000E+00   3.0000000000000E+00   3.8540830000000E+00   2.8830844711124E+00   9.7099852888755E-01   1.5790045122187E+00
   1.9000000000000E+01   3.0000000000000E+01   1.8867230000000E+00   1.6818832378880E+00   0.0000000000000E+00   3.0000000000000E+00   1.8867230000000E+00   1.0975924620087E+00   7.8913053799129E-01   1.7219186730746E+00
   1.9000000000000E+01   3.6000000000000E+01   6.2990800000000E-01   6.6205054482565E-01   0.0000000000000E+00   3.0000000000000E+00   6.2990800000000E-01   3.8367617040294E-01   2.4623182959706E-01  -1.3890837441777E+00
   2.0000000000000E+01   0.0000000000000E+00   0.0000000000000E+00   0.0000000000000E+00   1.0000000000000E+00   1.0000000000000E+00   0.0000000000000E+00   0.0000000000000E+00   0.0000000000000E+00   0.0000000000000E+00
   2.0000000000000E+01   1.0000000000000E+00   1.9040900000000E-01   1.8300548256177E-01   0.0000000000000E+00   1.0000000000000E+00   1.9040900000000E-01   1.0888239662135E-01   8.1526603378654E-02   1.7628700681962E+00
   2.0000000000000E+01   3.0000000000000E+00   1.4612990000000E+00   1.6435173893519E+00   0.0000000000000E+00   1.0000000000000E+00   1.4612990000000E+00   1.3554755633722E+00   1.0582343662782E-01  -6.8241854496408E-01
   2.0000000000000E+01   5.0000000000000E+00   1.8853330000000E+00   1.8790986612812E+00   0.0000000000000E+00   1.0000000000000E+00   1.8853330000000E+00   1.9033419812254E+00  -1.8008981225413E-02  -1.9419759116350E-01
   2.0000000000000E+01   6.0000000000000E+00   0.0000000000000E+00   1.6915680546526E+00   1.0000000000000E+00   1.0000000000000E+00   0.0000000000000E+00   1.8164052121156E+00   0.0000000000000E+00   0.0000000000000E+00
   2.0000000000000E+01   7.0000000000000E+00   1.6709710000000E+00   1.6486719025582E+00   0.0000000000000E+00   1.0000000000000E+00   1.6709710000000E+00   1.7396976232790E+00  -6.8726623279023E-02  -7.7455108516936E-02
   2.0000000000000E+01   8.5000000000000E+00   2.5270080000000E+00   2.4627848190253E+00   0.0000000000000E+00   2.0000000000000E+00   2.5270080000000E+00   2.3410641188341E+00   1.8594388116593E-01   5.6682400535359E-01
   2.0000000000000E+01   1.0000000000000E+01   3.0378440000000E+00   2.7546706369853E+00   0.0000000000000E+00   2.0000000000000E+00   3.0378440000000E+00   2.8068203192643E+00   2.3102368073565E-01   9.7332815065361E-01
   2.0000000000000E+01   1.1500000000000E+01   2.4137560000000E+00   2.4052765367387E+00   0.0000000000000E+00   2.0000000000000E+00   2.4137560000000E+00   2.6687717139983E+00  -2.5501571399826E-01  -2.0477196461739E-01
   2.0000000000000E+01   1.2000000000000E+01   0.0000000000000E+00   2.2403027322836E+00   1.0000000000000E+00   2.0000000000000E+00   0.0000000000000E+00   2.5411176127075E+00   0.0000000000000E+00   0.0000000000000E+00
   2.0000000000000E+01   1.3000000000000E+01   1.8889490000000E+00   1.9475500881127E+00   0.0000000000000E+00   2.0000000000000E+00   1.8889490000000E+00   2.3483423643866E+00  -4.5939336438656E-01  -4.8236887515596E-01
   2.0000000000000E+01   1.5000000000000E+01   2.0383270000000E+00   2.0930876685835E+00   0.0000000000000E+00   2.0000000000000E+00   2.0383270000000E+00   2.9936923644907E+00  -9.5536536449066E-01  -8.9005490174260E-01
   2.0000000000000E+01   1.7000000000000E+01   2.2764510000000E+00   2.3993452836152E+00   0.0000000000000E+00   2.0000000000000E+00   2.2764510000000E+00   3.0674316772475E+00  -7.9098067724746E-01  -1.0977481853941E+00
   2.0000000000000E+01   1.8000000000000E+01   0.0000000000000E+00   2.4040362615875E+00   1.0000000000000E+00   3.0000000000000E+00   0.0000000000000E+00   2.7945686834489E+00   0.0000000000000E+00   0.0000000000000E+00
   2.0000000000000E+01   1.9000000000000E+01   2.6309000000000E+00   2.3744438361204E+00   0.0000000000000E+00   3.0000000000000E+00   2.6309000000000E+00   2.5610338019822E+00   6.9866198017797E-02   6.8431311488498E-01
   2.0000000000000E+01   2.1000000000000E+01   2.9484730000000E+00   3.0612657417003E+00   0.0000000000000E+00   3.0000000000000E+00   2.9484730000000E+00   3.1434741159174E+00  -1.9500111591744E-01  -3.3704337852482E-01
   2.0000000000000E+01   2.4000000000000E+01   3.1357770000000E+00   3.0210062238045E+00   0.0000000000000E+00   3.0000000000000E+00   3.1357770000000E+00   2.8830844711124E+00   2.5269252888755E-01   5.8278351999595E-01
   2.0000000000000E+01   3.0000000000000E+01   1.2861660000000E+00   1.2871741335301E+00   0.0000000000000E+00   3.0000000000000E+00   1.2861660000000E+00   1.0975924620087E+00   1.8857353799129E-01   1.5341033048410E-01
   2.0000000000000E+01   3.6000000000000E+01   4.9790200000000E-01   4.9329421726218E-01   0.0000000000000E+00   3.0000000000000E+00   4.9790200000000E-01   3.8367617040294E-01   1.1422582959706E-01   6.5001403490541E-02
   2.1000000000000E+01   0.0000000000000E+00   0.0000000000000E+00   0.0000000000000E+00   1.0000000000000E+00   1.0000000000000E+00   0.0000000000000E+00   0.0000000000000E+00   0.0000000000000E+00   0.0000000000000E+00
   2.1000000000000E+01   1.0000000000000E+00   7.8396000000000E-02   8.1293478091176E-02   0.0000000000000E+00   1.0000000000000E+00   7.8396000000000E-02   1.0888239662135E-01  -3.0486396621346E-02  -5.7513459121753E-01
   2.1000000000000E+01   3.0000000000000E+00   1.3717040000000E+00   1.2075887218739E+00   0.0000000000000E+00   1.0000000000000E+00   1.3717040000000E+00   1.3554755633722E+00   1.6228436627822E-02   7.1885485887130E-01
   2.1000000000000E+01   5.0000000000000E+00   1.7893840000000E+00   1.9123268929607E+00   0.0000000000000E+00   1.0000000000000E+00   1.7893840000000E+00   1.9033419812254E+00  -1.1395798122541E-01  -4.8805535962080E-01
   2.1000000000000E+01   6.0000000000000E+00   0.0000000000000E+00   1.8938809747174E+00   1.0000000000000E+00   1.0000000000000E+00   0.0000000000000E+00   1.8164052121156E+00   0.0000000000000E+00   0.0000000000000E+00
   2.1000000000000E+01   7.0000000000000E+00   2.0017190000000E+00   1.8211525773612E+00   0.0000000000000E+00   1.0000000000000E+00   2.0017190000000E+00   1.7396976232790E+00   2.6202137672098E-01   1.4174362518532E+00
   2.1000000000000E+01   8.5000000000000E+00   2.2330210000000E+00   2.2640727258816E+00   0.0000000000000E+00   2.0000000000000E+00   2.2330210000000E+00   2.3410641188341E+00  -1.0804311883407E-01  -1.3155705385215E-01
   2.1000000000000E+01   1.0000000000000E+01   2.4809980000000E+00   2.7300966964939E+00   0.0000000000000E+00   2.0000000000000E+00   2.4809980000000E+00   2.8068203192643E+00  -3.2582231926435E-01  -8.5455067005450E-01
   2.1000000000000E+01   1.1500000000000E+01   2.4915870000000E+00   2.6623994286871E+00   0.0000000000000E+00   2.0000000000000E+00   2.4915870000000E+00   2.6687717139983E+00  -1.7718471399826E-01  -4.4943634016805E-01
   2.1000000000000E+01   1.2000000000000E+01   0.0000000000000E+00   2.5482479987580E+00   1.0000000000000E+00   2.0000000000000E+00   0.0000000000000E+00   2.5411176127075E+00   0.0000000000000E+00   0.0000000000000E+00
   2.1000000000000E+01   1.3000000000000E+01   2.3584780000000E+00   2.3487688988059E+00   0.0000000000000E+00   2.0000000000000E+00   2.3584780000000E+00   2.3483423643866E+00   1.0135635613441E-02   2.0710005107203E-01
   2.1000000000000E+01   1.5000000000000E+01   2.9482620000000E+00   2.9181393648690E+00   0.0000000000000E+00   2.0000000000000E+00   2.9482620000000E+00   2.9936923644907E+00  -4.5430364490659E-02  -7.3479147883158E-03
   2.1000000000000E+01   1.7000000000000E+01   3.0494520000000E+00   3.0151130787928E+00   0.0000000000000E+00   2.0000000000000E+00   3.0494520000000E+00   3.0674316772475E+00  -1.7979677247464E-02   1.7791152763874E-01
   2.1000000000000E+01   1.8000000000000E+01   0.0000000000000E+00   2.6489993838419E+00   1.0000000000000E+00   3.0000000000000E+00   0.0000000000000E+00   2.7945686834489E+00   0.0000000000000E+00   0.0000000000000E+00
   2.1000000000000E+01   1.9000000000000E+01   2.7244990000000E+00   2.3303980726973E+00   0.0000000000000E+00   3.0000000000000E+00   2.7244990000000E+00   2.5610338019822E+00   1.6346519801780E-01   1.3451289794767E+00
   2.1000000000000E+01   2.1000000000000E+01   2.6082560000000E+00   2.7704944937996E+00   0.0000000000000E+00   3.0000000000000E+00   2.6082560000000E+00   3.1434741159174E+00  -5.3521811591744E-01  -6.8591892707775E-01
   2.1000000000000E+01   2.4000000000000E+01   2.3462630000000E+00   2.4117217657928E+00   0.0000000000000E+00   3.0000000000000E+00   2.3462630000000E+00   2.8830844711124E+00  -5.3682147111245E-01  -5.7702963175554E-01
   2.1000000000000E+01   3.0000000000000E+01   6.6445900000000E-01   6.6411204553436E-01   0.0000000000000E+00   3.0000000000000E+00   6.6445900000000E-01   1.0975924620087E+00  -4.3313346200871E-01  -6.2304917737473E-01
   2.1000000000000E+01   3.6000000000000E+01   1.5805000000000E-01   1.5757481691332E-01   0.0000000000000E+00   3.0000000000000E+00   1.5805000000000E-01   3.8367617040294E-01  -2.2562617040294E-01  -1.7837080434555E-01
   2.2000000000000E+01   0.0000000000000E+00   0.0000000000000E+00   0.0000000000000E+00   1.0000000000000E+00   1.0000000000000E+00   0.0000000000000E+00   0.0000000000000E+00   0.0000000000000E+00   0.0000000000000E+00
   2.2000000000000E+01   1.0000000000000E+00   2.8111700000000E-01   2.8532079303117E-01   0.0000000000000E+00   1.0000000000000E+00   2.8111700000000E-01   1.0888239662135E-01   1.7223460337865E-01   9.9921004848996E-01
   2.2000000000000E+01   3.0000000000000E+00   2.4888010000000E+00   2.3215611823401E+00   0.0000000000000E+00   1.0000000000000E+00   2.4888010000000E+00   1.3554755633722E+00   1.1333254366278E+00   1.6841576890194E+00
   2.2000000000000E+01   5.0000000000000E+00   2.5327500000000E+00   2.5554907566529E+00   0.0000000000000E+00   1.0000000000000E+00   2.5327500000000E+00   1.9033419812254E+00   6.2940801877459E-01   1.2241918831019E-02
   2.2000000000000E+01   6.0000000000000E+00   0.0000000000000E+00   2.3017795813048E+00   1.0000000000000E+00   1.0000000000000E+00   0.0000000000000E+00   1.8164052121156E+00   0.0000000000000E+00   0.0000000000000E+00
   2.2000000000000E+01   7.0000000000000E+00   2.1833950000000E+00   2.2974057995728E+00   0.0000000000000E+00   1.0000000000000E+00   2.1833950000000E+00   1.7396976232790E+00   4.4369737672098E-01  -1.9871053309851E-01
   2.2000000000000E+01   8.5000000000000E+00   4.0065670000000E+00   3.5137438191073E+00   0.0000000000000E+00   2.0000000000000E+00   4.0065670000000E+00   2.3410641188341E+00   1.6655028811659E+00   2.8464432762200E+00
   2.2000000000000E+01   1.0000000000000E+01   3.4045300000000E+00   3.8634971629887E+00   0.0000000000000E+00   2.0000000000000E+00   3.4045300000000E+00   2.8068203192643E+00   5.9770968073565E-01  -1.3445433979488E+00
   2.2000000000000E+01   1.1500000000000E+01   3.4756140000000E+00   3.3725719894998E+00   0.0000000000000E+00   2.0000000000000E+00   3.4756140000000E+00   2.6687717139983E+00   8.0684228600174E-01   3.0393762298160E-01
   2.2000000000000E+01   1.2000000000000E+01   0.0000000000000E+00   3.1547549770637E+00   1.0000000000000E+00   2.0000000000000E+00   0.0000000000000E+00   2.5411176127075E+00   0.0000000000000E+00   0.0000000000000E+00
   2.2000000000000E+01   1.3000000000000E+01   3.4125400000000E+00   3.0971940648396E+00   0.0000000000000E+00   2.0000000000000E+00   3.4125400000000E+00   2.3483423643866E+00   1.0641976356134E+00   1.7660479287220E+00
   2.2000000000000E+01   1.5000000000000E+01   4.6130700000000E+00   4.4930479284950E+00   0.0000000000000E+00   2.0000000000000E+00   4.6130700000000E+00   2.9936923644907E+00   1.6193776355093E+00   1.7105514885693E+00
   2.2000000000000E+01   1.7000000000000E+01   3.6330780000000E+00   3.9299958293011E+00   0.0000000000000E+00   2.0000000000000E+00   3.6330780000000E+00   3.0674316772475E+00   5.6564632275254E-01  -1.0895573530468E+00
   2.2000000000000E+01   1.8000000000000E+01   0.0000000000000E+00   3.4854704184142E+00   1.0000000000000E+00   3.0000000000000E+00   0.0000000000000E+00   2.7945686834489E+00   0.0000000000000E+00   0.0000000000000E+00
   2.2000000000000E+01   1.9000000000000E+01   3.0278500000000E+00   3.1465926274597E+00   0.0000000000000E+00   3.0000000000000E+00   3.0278500000000E+00   2.5610338019822E+00   4.6681619801780E-01  -8.7249736837508E-01
   2.2000000000000E+01   2.1000000000000E+01   3.7377500000000E+00   3.7605920115815E+00   0.0000000000000E+00   3.0000000000000E+00   3.7377500000000E+00   3.1434741159174E+00   5.9427588408257E-01  -1.7269193679166E-01
   2.2000000000000E+01   2.4000000000000E+01   4.1540510000000E+00   3.9540680199056E+00   0.0000000000000E+00   3.0000000000000E+00   4.1540510000000E+00   2.8830844711124E+00   1.2709665288876E+00   9.3207886255776E-01
   2.2000000000000E+01   3.0000000000000E+01   2.0177530000000E+00   1.9313800850286E+00   0.0000000000000E+00   3.0000000000000E+00   2.0177530000000E+00   1.0975924620087E+00   9.2016053799129E-01   7.5266394010604E-01
   2.2000000000000E+01   3.6000000000000E+01   8.3497200000000E-01   8.3793643648539E-01   0.0000000000000E+00   3.0000000000000E+00   8.3497200000000E-01   3.8367617040294E-01   4.5129582959706E-01   7.1858672997018E-02
   2.3000000000000E+01   0.0000000000000E+00   0.0000000000000E+00   0.0000000000000E+00   1.0000000000000E+00   1.0000000000000E+00   0.0000000000000E+00   0.0000000000000E+00   0.0000000000000E+00   0.0000000000000E+00
   2.3000000000000E+01   1.0000000000000E+00   1.1130400000000E-01   1.0398881295622E-01   0.0000000000000E+00   1.0000000000000E+00   1.1130400000000E-01   1.0888239662135E-01   2.4216033786540E-03   6.7516155928104E-01
   2.3000000000000E+01   3.0000000000000E+00   1.1641500000000E+00   1.3434133273025E+00   0.0000000000000E+00   1.0000000000000E+00   1.1641500000000E+00   1.3554755633722E+00  -1.9132556337218E-01  -6.7613345195169E-01
   2.3000000000000E+01   5.0000000000000E+00   1.9898070000000E+00   1.8409294563766E+00   0.0000000000000E+00   1.0000000000000E+00   1.9898070000000E+00   1.9033419812254E+00   8.6465018774588E-02   1.1664131319268E+00
   2.3000000000000E+01   6.0000000000000E+00   0.0000000000000E+00   1.6924017820453E+00   1.0000000000000E+00   1.0000000000000E+00   0.0000000000000E+00   1.8164052121156E+00   0.0000000000000E+00   0.0000000000000E+00
   2.3000000000000E+01   7.0000000000000E+00   1.5899670000000E+00   1.5452670764816E+00   0.0000000000000E+00   1.0000000000000E+00   1.5899670000000E+00   1.7396976232790E+00  -1.4973062327902E-01   1.8847850854505E-01
   2.3000000000000E+01   8.5000000000000E+00   1.9620370000000E+00   1.9841196969597E+00   0.0000000000000E+00   2.0000000000000E+00   1.9620370000000E+00   2.3410641188341E+00  -3.7902711883407E-01  -1.8983474116411E-01
   2.3000000000000E+01   1.0000000000000E+01   2.3734500000000E+00   2.3304020504981E+00   0.0000000000000E+00   2.0000000000000E+00   2.3734500000000E+00   2.8068203192643E+00  -4.3337031926435E-01   7.1104501031298E-02
   2.3000000000000E+01   1.1500000000000E+01   1.9480030000000E+00   2.0721523927847E+00   0.0000000000000E+00   2.0000000000000E+00   1.9480030000000E+00   2.6687717139983E+00  -7.2076871399826E-01  -6.3843055273019E-01
   2.3000000000000E+01   1.2000000000000E+01   0.0000000000000E+00   1.9086737622366E+00   1.0000000000000E+00   2.0000000000000E+00   0.0000000000000E+00   2.5411176127075E+00   0.0000000000000E+00   0.0000000000000E+00
   2.3000000000000E+01   1.3000000000000E+01   2.0150710000000E+00   1.7604622542775E+00   0.0000000000000E+00   2.0000000000000E+00   2.0150710000000E+00   2.3483423643866E+00  -3.3327136438656E-01   9.7046430309113E-01
   2.3000000000000E+01   1.5000000000000E+01   2.4432040000000E+00   2.6839596399877E+00   0.0000000000000E+00   2.0000000000000E+00   2.4432040000000E+00   2.9936923644907E+00  -5.5048836449066E-01  -2.1908949224726E-01
   2.3000000000000E+01   1.7000000000000E+01   2.3275300000000E+00   2.2586816526185E+00   0.0000000000000E+00   2.0000000000000E+00   2.3275300000000E+00   3.0674316772475E+00  -7.3990167724746E-01  -8.7162493734340E-02
   2.3000000000000E+01   1.8000000000000E+01   0.0000000000000E+00   1.6839242474972E+00   1.0000000000000E+00   3.0000000000000E+00   0.0000000000000E+00   2.7945686834489E+00   0.0000000000000E+00   0.0000000000000E+00
   2.3000000000000E+01   1.9000000000000E+01   1.2461200000000E+00   1.3592538119074E+00   0.0000000000000E+00   3.0000000000000E+00   1.2461200000000E+00   2.5610338019822E+00  -1.3149138019822E+00  -1.5291969390115E+00
   2.3000000000000E+01   2.1000000000000E+01   2.1797850000000E+00   2.0595113567299E+00   0.0000000000000E+00   3.0000000000000E+00   2.1797850000000E+00   3.1434741159174E+00  -9.6368911591744E-01  -6.8775246374153E-02
   2.3000000000000E+01   2.4000000000000E+01   1.4219900000000E+00   1.4363246904374E+00   0.0000000000000E+00   3.0000000000000E+00   1.4219900000000E+00   2.8830844711124E+00  -1.4610944711124E+00  -1.3690573491869E+00
   2.3000000000000E+01   3.0000000000000E+01   1.8555300000000E-01   1.7838540485812E-01   0.0000000000000E+00   3.0000000000000E+00   1.8555300000000E-01   1.0975924620087E+00  -9.1203946200871E-01  -6.1749291811889E-01
   2.3000000000000E+01   3.6000000000000E+01   1.8386000000000E-02   1.8578801194895E-02   0.0000000000000E+00   3.0000000000000E+00   1.8386000000000E-02   3.8367617040294E-01  -3.6529017040294E-01   1.2543546563650E+00
   2.4000000000000E+01   0.0000000000000E+00   0.0000000000000E+00   0.0000000000000E+00   1.0000000000000E+00   1.0000000000000E+00   0.0000000000000E+00   0.0000000000000E+00   0.0000000000000E+00   0.0000000000000E+00
   2.4000000000000E+01   1.0000000000000E+00   1.6684900000000E-01   1.6708905777931E-01   0.0000000000000E+00   1.0000000000000E+00   1.6684900000000E-01   1.0888239662135E-01   5.7966603378654E-02   4.2728056960323E-01
   2.4000000000000E+01   3.0000000000000E+00   1.6387660000000E+00   1.5853400655931E+00   0.0000000000000E+00   1.0000000000000E+00   1.6387660000000E+00   1.3554755633722E+00   2.8329043662782E-01   2.9502781850897E-01
   2.4000000000000E+01   5.0000000000000E+00   2.0100410000000E+00   1.9191303596049E+00   0.0000000000000E+00   1.0000000000000E+00   2.0100410000000E+00   1.9033419812254E+00   1.0669901877459E-01   1.0632515077605E-01
   2.4000000000000E+01   6.0000000000000E+00   0.0000000000000E+00   1.7789531540157E+00   1.0000000000000E+00   1.0000000000000E+00   0.0000000000000E+00   1.8164052121156E+00   0.0000000000000E+00   0.0000000000000E+00
   2.4000000000000E+01   7.0000000000000E+00   1.7380860000000E+00   1.7548042647723E+00   0.0000000000000E+00   1.0000000000000E+00   1.7380860000000E+00   1.7396976232790E+00  -1.6116232790231E-03   1.8441881573961E-02
   2.4000000000000E+01   8.5000000000000E+00   2.7883020000000E+00   2.5126223072525E+00   0.0000000000000E+00   2.0000000000000E+00   2.7883020000000E+00   2.3410641188341E+00   4.4723788116593E-01   1.4034147038498E+00
   2.4000000000000E+01   1.0000000000000E+01   2.7140610000000E+00   2.8253625750747E+00   0.0000000000000E+00   2.0000000000000E+00   2.7140610000000E+00   2.8068203192643E+00  -9.2759319264348E-02  -5.0057616610697E-01
   2.4000000000000E+01   1.1500000000000E+01   2.5530930000000E+00   2.5216097042058E+00   0.0000000000000E+00   2.0000000000000E+00   2.5530930000000E+00   2.6687717139983E+00  -1.1567871399826E-01  -1.1800875821682E-01
   2.4000000000000E+01   1.2000000000000E+01   0.0000000000000E+00   2.3683190053907E+00   1.0000000000000E+00   2.0000000000000E+00   0.0000000000000E+00   2.5411176127075E+00   0.0000000000000E+00   0.0000000000000E+00
   2.4000000000000E+01   1.3000000000000E+01   2.6758520000000E+00   2.3052777089220E+00   0.0000000000000E+00   2.0000000000000E+00   2.6758520000000E+00   2.3483423643866E+00   3.2750963561344E-01   1.8330992700203E+00
   2.4000000000000E+01   1.5000000000000E+01   2.9813140000000E+00   3.2829400165616E+00   0.0000000000000E+00   2.0000000000000E+00   2.9813140000000E+00   2.9936923644907E+00  -1.2378364490659E-02  -2.3541387893737E-01
   2.4000000000000E+01   1.7000000000000E+01   3.1332930000000E+00   2.8921406319495E+00   0.0000000000000E+00   2.0000000000000E+00   3.1332930000000E+00   3.0674316772475E+00   6.5861322752536E-02   5.2910096762716E-01
   2.4000000000000E+01   1.8000000000000E+01   0.0000000000000E+00   2.3819740758992E+00   1.0000000000000E+00   3.0000000000000E+00   0.0000000000000E+00   2.7945686834489E+00   0.0000000000000E+00   0.0000000000000E+00
   2.4000000000000E+01   1.9000000000000E+01   1.8049710000000E+00   2.0267882576419E+00   0.0000000000000E+00   3.0000000000000E+00   1.8049710000000E+00   2.5610338019822E+00  -7.5606280198220E-01  -1.2598630927931E+00
   2.4000000000000E+01   2.1000000000000E+01   2.3516860000000E+00   2.4120498201426E+00   0.0000000000000E+00   3.0000000000000E+00   2.3516860000000E+00   3.1434741159174E+00  -7.9178811591744E-01  -5.3415798076657E-01
   2.4000000000000E+01   2.4000000000000E+01   1.9183350000000E+00   2.1205114993514E+00   0.0000000000000E+00   3.0000000000000E+00   1.9183350000000E+00   2.8830844711124E+00  -9.6474947111245E-01  -1.1533535747381E+00
   2.4000000000000E+01   3.0000000000000E+01   4.6782600000000E-01   6.4653056400850E-01   0.0000000000000E+00   3.0000000000000E+00   4.6782600000000E-01   1.0975924620087E+00  -6.2976646200871E-01  -9.0179104587479E-01
   2.4000000000000E+01   3.6000000000000E+01   2.0077700000000E-01   1.7560097186097E-01   0.0000000000000E+00   3.0000000000000E+00   2.0077700000000E-01   3.8367617040294E-01  -1.8289917040294E-01   1.5535164810118E+00
